,Sample ID,SampleType,DateTime Taken,Post Results,Public X,Public Y,Chloromethane (methyl chloride),Chloroethene (vinyl chloride),Bromomethane (methyl bromide),Chloroethane (ethyl chloride),Trichlorofluoromethane,Diethyl ether,"1,1-Dichloroethene",Acetone,Iodomethane,Carbon disulfide,3-Chloropropene (allyl chloride),Methylene chloride (DCM),"trans-1,2-Dichloroethene",Methyl tert-butyl ether (MTBE),"1,1-Dichloroethane","2,2-Dichloropropane","cis-1,2-Dichloroethene",2-Butanone (MEK),Methyl acrylate,Methacrylonitrile,Bromochloromethane,Tetrahydrofuran,Trichloromethane (chloroform),"1,1,1-Trichloroethane",1-Chlorobutane (butyl chloride),Carbon tetrachloride,"1,1-Dichloropropene",Benzene,"1,2-Dichloroethane",Trichloroethene,"1,2-Dichloropropane",Dibromomethane,Methyl methacrylate,Bromodichloromethane,2-Nitropropane,"cis-1,3-Dichloropropene",4-Methyl-2-pentanone (MIBK),Toluene,"trans-1,3-Dichloropropene",Ethyl methacrylate,"1,1,2-Trichloroethane",Tetrachloroethene,"1,3-Dichloropropane",2-Hexanone,Dibromochloromethane,"1,2-Dibromoethane (EDB)",Chlorobenzene,"1,1,1,2-Tetrachloroethane",Ethylbenzene,m/p-Xylene,o-Xylene,Styrene,Bromoform,Isopropylbenzene (cumene),Bromobenzene,"1,1,2,2-Tetrachloroethane","1,2,3-Trichloropropane (TCP)","trans-1,4-Dichloro-2-butene",n-Propylbenzene,2-Chlorotoluene,"1,3,5-Trimethylbenzene",4-Chlorotoluene,tert-Butylbenzene,Pentachloroethane,"1,2,4-Trimethylbenzene",1-Methylpropylbenzene (sec-butylbenzene),"1,3-Dichlorobenzene",4-Isopropyltoluene (p-cymene),"1,4-Dichlorobenzene",n-Butylbenzene,"1,2-Dichlorobenzene",Hexachloroethane,"1,2-Dibromo-3-chloropropane (DBCP)",Nitrobenzene,"1,2,4-Trichlorobenzene","Hexachloro-1,3-butadiene",Naphthalene,"1,2,3-Trichlorobenzene",City,Total Trihalomethanes
0,08-16-CKS-2,Tap Water,8/16/2023 9:30,,-156.31188629392474,20.77878220693424,,,,,,,,,,,,,,,,,,,,,,,12.956,,,,,,,,,,,5.961,,,,,,,,,,,3.342,,,,,,,,,,,,,,,,,,,,,,,,,,,,,,,,,,Kula,22.259
1,08-16-CKS-3,Tap Water,8/16/2023 10:52,,-156.30992605885524,20.77990727810373,,,,,,,,,,,,,,,,,,,,,,,12.685,,,,,,,,,,,6.285,,,,,,,,,,,3.833,,,,,,,,,,,,,,,,,,,,,,,,,,,,,,,,,,Kula,22.803
2,08-16-CKS-4,Tap Water,8/16/2023 11:11,,-156.30748737829003,20.775916225465668,,,,,,,,,,,,,,,,,,,,,,,11.782,,,,,,,,,,,6.171,,,,,,,,,,,3.699,,,,,,,,,,,,,,,,,,,,,,,,,,,,,,,,,,Kula,21.652
3,08-16-CKS-6,Tap Water,8/16/2023 12:00,,-156.31039863569563,20.774750813010662,,,,,,,,,,,,,,,,,,,,,,,21.092,,,,,,,,,,,6.923,,,,,,,,,,,3.621,,,,,,,,,,,,,,,,,,,,,,,,,,,,,,,,,,Kula,31.636
4,08-16-CKS-7,Tap Water,8/16/2023 12:22,,-156.3098017061516,20.7730823266856,,,,,,,,17.367,,3.145,,,,,,,,14.842,,,,194.634,2.209,,,,,,,,,,,,,,,,,,,,,,,,,,,,,,,,,,,,,,,,,,,,,,,,,,,,,,,,Kula,2.209
5,08-16-CKS-8,Tap Water,8/16/2023 12:53,,-156.3125044833847,20.77864995348061,,,,,,,,,,,,,,,,,,,,,,3.004,17.53,,,,,,,,,,,7.944,,,,,,,,,,,4.235,,,,,,,,,,,,,,,,,,,,,,,,,,,,,,,,,,Kula,29.709000000000003
6,08-16-CKS-10,Tap Water,8/16/2023 2:24,,-156.32843570944536,20.746903775204483,,,,,,,,,,,,,,,,,,,,,,,28.868,,,,,,,,,,,8.54,,,,,,,,,,,3.98,,,,,,,,,,,,,,,,,,,,,,,,,,,,,,,,,,Kula,41.388
7,08-16-CKS-11,Tap Water,8/16/2023 2:55,,-156.31415787436316,20.74948272616072,,,,,,,,,,,,,,,,,,,,,,,22.495,,,,,,,,,,,7.962,,,,,,,,,,,4.009,,,,,,,,,,,,,,,,,,,,,,,,,,,,,,,,,,Kula,34.466
8,08-16-CKS-12,Tap Water,8/16/2023 3:46,,-156.30635200208613,20.906044564727555,,,,,,,,,,,,,,,,,,,,,,,,,,,,,,,,,,,,,,,,,,,,,,,,,,,,,,,,,,,,,,,,,,,,,,,,,,,,,,,Outside of Boxes,0.0
9,08-23-CKS-21A,Tap Water,8/23/2023 10:50,,-156.30997882546052,20.77717369782025,,,,,,,,18.3558,,3.0291,,,,,,,,10.5283,,,,216.9879,1.6109,,,,,,,,,,,,,,,,,,,,,,,,,,,,,,,,,,,,,,,,,,,,,,,,,,,,,,,,Kula,1.6109
10,08-23-CKS-22,Tap Water,8/23/2023 14:12,,-156.31418447940584,20.78196940624525,,,,,,,,8.8989,,,,,,,,,,,,,,,25.3836,,,,,,,,,,,6.2686,,,,,,,,,,,2.3578,,,,,,,,,,,,,,,,,,,,,,,,,,,,,,,,,,Kula,34.010000000000005
11,08-23-CKS-23,Tap Water,8/23/2023 14:41,,-156.30865735342226,20.776755669380744,,,,,,,,8.9012,,,,,,,,,,,,,,,26.4337,,,,,,,,,,,7.1684,,,,,,,,,,,2.7733,,,,,,,,,,,,,,,,,,,,,,,,,,,,,,,,,,Kula,36.3754
12,08-25-CKS-32,Tap Water,8/25/2023 13:04,,-156.30921068397106,20.77778100171179,,,,,,,,18.889,,,,,,,,,,,,,,,23.8827,,,,,,,,,,,4.624,,,,,,,,,,,1.282,,,,,,,,,,,,,,,,,,,,,,,,,,,,,,,,,,Kula,29.7887
13,08-25-CKS-33,Tap Water,8/25/2023 13:04,,-156.3077543205808,20.7760545933804,,,,,,,,15.3631,,,,,,,,,,,,,,,27.1288,,,,,,,,,,,5.8192,,,,,,,,,,,1.8606,,,,,,,,,,,,,,,,,,,,,,,,,,,,,,,,,,Kula,34.8086
14,08-25-CKS-35,Tap Water,8/25/2023 13:04,,-156.31124145781675,20.77531175178161,,,,,,,,10.9497,,,,,,,,,,,,,,,33.4709,,,,,,,,,,,4.6644,,,,,,,,,,,1.2138,,,,,,,,,,,,,,,,,,,,,,,,,,,,,,,,,,Kula,39.3491
15,08-29-CKS-41,Tap Water,8/29/2023 9:43,,-156.3203110405139,20.75948736561695,,,,,,,,41.9139,,,,,,,,,,,,,,,50.3204,,,,,,,,,,,7.7174,,,,,,,,,,,2.0564,,,,,,,,,,,,,,,,,,,,,,,,,,,,,,,,,,Kula,60.0942
16,08-29-CKS-42,Tap Water,8/29/2023 10:47,,-156.39497989675664,20.666599705294725,,,,,,,,47.4081,,,,,,,,,,,,,,,41.1086,,,,,,,,,,,7.8614,,,,,,,,,,,2.3398,,,,,,,,,,,,,,,,,,,,,,,,,,,,,,,,,,Outside of Boxes,51.3098
17,08-29-CKS-43,Tap Water,8/29/2023 11:18,,-156.40150501176143,20.648907839146474,,,,,,,,,,,,,,,,,,,,,,,41.8076,,,,,,,,,,,8.6972,,,,,,,,,,,2.8638,,,,,,,,,,,,,,,,,,,,,,,,,,,,,,,,,,Outside of Boxes,53.3686
18,08-29-CKS-51,Tap Water,8/29/2023 11:08,,-156.30204720165324,20.77917585640788,,,,,,,,4.658,,,,,,,,,,,,,,,29.6559,,,,,,,,,,,6.8627,,,,,,,,,,,2.2813,,,,,,,,,,,,,,,,,,,,,,,,,,,,,,,,,,Kula,38.7999
19,08-29-CKS-52,Tap Water,8/29/2023 11:42,,-156.30746466450256,20.771979354188154,,,,,,,,33.5458,,,,,,,,,,,,,,,47.8843,,,,,,,,,,,6.6847,,,,,,,,,,,,,,,,,,,,,,,,,,,,,,,,,,,,,,,,,,,,,Kula,54.569
20,08-29-CKS-53,Tap Water,8/29/2023 12:12,,-156.30968304266597,20.78096470978341,,,,,,,,6.8464,,,,,,,,,,,,,,,24.1796,,,,,,,,,,,4.4572,,,,,,,,,,,,,,,,,,,,,,,,,,,,,,,,,,,,,,,,,,,,,Kula,28.6368
21,08-29-CKS-54,Tap Water,8/29/2023 13:57,,-156.30540405376664,20.774225670383856,,,,,,,,7.4621,,,,,,,,,,,,,,,26.5723,,,,,,,,,,,6.84,,,,,,,,,,,2.3281,,,,,,,,,,,,,,,,,,,,,,,,,,,,,,,,,,Kula,35.740399999999994
22,08-29-CKS-55,Tap Water,8/29/2023 14:14,,-156.3072369361153,20.78100109260714,,,,,,,,21.6226,,,,,,,,,,,,,,,31.8395,,,,,,,,,,,7.3367,,,,,,,,,,,2.4234,,,,,,,,,,,,,,,,,,,,,,,,,,,,,,,,,,Kula,41.5996
23,8-30-23-kellie-1,Tap Water,8/30/2023 11:53,,-156.30663959882375,20.767396828657315,,,,,,,,6.1419,,,,,,,,,,,,,,,38.214,,,,,,,,,,,4.1027,,,,,,,,,,,,,,,,,,,,,,,,,,,,,,,,,,,,,,,,,,,,,Kula,42.3167
24,8-30-23-kellie-2,Tap Water,8/30/2023 12:37,,-156.30210366918368,20.768873839319497,,,,,,,,29.518,,,,,,,,,,,,,,,28.7934,,,,,,,,,,,3.7561,,,,,,,,,,,,,,,,,,,,,,,,,,,,,,,,,,,,,,,,,,,,,Kula,32.549499999999995
25,8-30-23-kellie-3,Tap Water,8/30/2023 12:41,,-156.30348200397185,20.76735388968421,,,,,,,,87.7429,,,,,,,,,,,,,,,86.2655,,,,,,,,,,,6.8312,,,,,,,,,,,2.1405,,,,,,,,,,,,,,,,,,,,,,,,,,,,,,,,,,Kula,95.2372
26,8-30-23-kellie-4,Tap Water,8/30/2023 13:36,,-156.3030671124055,20.772520248397228,,,,,,,,15.4507,,,,,,,,,,4.9808,,,,2.2292,52.5739,,,,,,,,,,,8.0327,,,,,,,,,,,2.0798,,,,,,,,,,,,,,,,,,,,,,,,,,,,,,,,,,Kula,62.686400000000006
27,8-30-23-kellie-6,Tap Water,8/30/2023 19:07,,-156.3164801895477,20.76916788373604,,,,,,,,90.5958,,,,,,,,,,,,,,,47.9583,,,,,,,,,,,5.3901,,,,,,,,,,,,,,,,,,,,,,,,,,,,,,,,,,,,,,,,,,,,,Kula,53.3484
28,09-01-CKS-61,Tap Water,9/1/2023 16:19,,-156.66561154678416,20.88856412316118,,,,,,,,,,,,,,,,,,,,,,,10.7601,,,,,,,,,,,2.4732,,,,,,,,,,,,,,,,,,,,,,,,,,,,,,,,,,,,,,,,,,,,,Lahaina,13.2333
29,09-01-CKS-62,Tap Water,9/1/2023 16:30,,-156.66445734298065,20.88529896177045,,,,,,,,,,,,,,,,,,,,,1.0367,,19.2347,,,,,,,,,,,7.7422,,,,,,,,,,,3.2617,,,,,,,,,,,,,,,,,,,,,,,,,,,,,,,,,,Lahaina,30.238599999999998
30,09-01-CKS-63,Tap Water,9/1/2023 17:03,,-156.66105712511686,20.85447933825288,,,,,,,,150.2532,,,,,,,,,,282.9737,,,,189.7993,,,,,,,,,,,,,,,,,,,,,,,,,,,,,,,5.9081,,,,,,,,,,,,,,,,,,,,,,,,,,Lahaina,5.9081
31,9-1-23-Kellie-1,Tap Water,9/1/2023 13:22,,-156.36269511100497,20.711572429307303,,,,,,,,94.3832,,,,,,,,,,,,,,,43.7588,,,,,,,,,,,8.6495,,,,,,,,,,,2.5453,,,,,,,,,,,,,,,,,,,,,,,,,,,,,,,,,,Kula,54.9536
32,9-1-23-Kellie-2,Tap Water,9/1/2023 14:54,,-156.30744235666683,20.771364339492443,,,,,,,,18.6133,,,,,,,,,,,,,,,22.0473,,,,,,,,,,,4.981,,,,,,,,,,,2.0491,,,,,,,,,,,,,,,,,,,,,,,,,,,,,,,,,,Kula,29.0774
33,9-1-23-Kellie-3,Tap Water,9/1/2023 14:57,,-156.2987708616432,20.77010628123477,,,,,,,,28.1821,,,,,,,,,,,,,,,55.0339,,,,,,,,,,,8.7142,,,,,,,,,,,2.7772,,,,,,,,,,,,,,,,,,,,,,,,,,,,,,,,,,Kula,66.5253
34,9-8-KDP-1,Tap Water,9/8/2023 14:23,,-156.32968889200953,20.76277774335897,,,,,,,,7.6458,,,,,,,,,,,,,,,47.9921,,,,,,,,,,,8.4607,,,,,,,,,,,2.7339,,,,,,,,,,,,,,,,,,,,,,,,,,,,,,,,,,Kula,59.1867
35,9-8-KDP-2,Tap Water,9/8/2023 14:33,,-156.32717476612183,20.760291825878223,,,,,,,,18.2349,,,,,,,,,,,,,,,31.3874,,,,,,,,,,,4.4183,,,,,,,,,,,,,,,,,,,,,,,,,,,,,,,,,,,,,,,,,,,,,Kula,35.8057
36,9-8-KDP-3,Tap Water,9/8/2023 14:52,,-156.32985154202964,20.76332879395464,,,,,,,,20.3123,,,,,,,,,,,,,,,32.4315,,,,,,,,,,,7.4795,,,,,,,,,,,2.6985,,,,,,,,,,,,,,,,,,,,,,,,,,,,,,,,,,Kula,42.6095
37,9-8-KDP-4,Tap Water,9/8/2023 15:10,,-156.32584971526634,20.75942246226021,,,,,,,,33.6507,,,,,,,,,,,,,,,34.4919,,,,,,,,,,,7.7328,,,,,,,,,,,2.8487,,,,,,,,,,,,,,,,,,,,,,,,,,,,,,,,,,Kula,45.0734
38,09-11-KDP-1,Tap Water,9/11/2023 13:50,,,,,,,,,,,24.9456,,,,,,,,,,,,,,,20.0432,,,,,,,,,,,3.6099,,,,,,,,,,,,,,,,,,,,,,,,,,,,,,,,,,,,,,,,,,,,,Outside of Boxes,23.6531
39,09-11-KDP-2,Tap Water,9/11/2023 16:16,,-156.3268791150286,20.75809627002604,,,,,,,,42.3797,,,,,,,,,,,,,,,37.7502,,,,,,,,,,,7.1232,,,,,,,,,,,2.6906,,,,,,,,,,,,,,,,,,,,,,,,,,,,,,,,,,Kula,47.564
40,09-11-KDP-3,Tap Water,9/11/2023 16:32,,-156.3250963223409,20.759171866897983,,,,,,,,51.1349,,,,,,,,,,,,,,,22.5192,,,,,,,,,,,6.7336,,,,,,,,,,,3.3846,,,,,,,,,,,,,,,,,,,,,,,,,,,,,,,,,,Kula,32.6374
41,9-12-CKS-1,Tap Water,9/12/2023 12:22,,-156.68223973561072,20.898844413415038,,,,,,,,35.7756,,,,,,,,,,,,,,,38.878,,,,,,,,,,,16.8789,,,,,,,,,,,7.119,,,,,,,,,,,,,,,,,,,,,,,,,,,,,,,,,,Lahaina,62.8759
42,9-12-CKS-2,Tap Water,9/12/2023 12:38,,-156.67891411278026,20.903458634512763,,,,,,,,31.6132,,,,,,,,,,,,,,,37.0073,,,,,,,,,,,14.7643,,,,,,,,,,,5.1457,,,,,,,,,,,,,,,,,,,,,,,,,,,,,,,,,,Lahaina,56.9173
43,9-12-CKS-4,Tap Water,9/12/2023 13:10,,-156.68420935284075,20.902000057801462,,,,,,,,31.4515,,,,,,,,,,,,,,,28.3397,,,,,,,,,,,12.0447,,,,,,,,,,,6.5497,,,,,,,,3.6203,,,,,,,,,,,,,,,,,,,,,,,,,,Lahaina,50.5544
44,09-12-KDP-1,Tap Water,9/12/2023 13:02,,-156.32609826357256,20.789553267804493,,,,,,,,22.0753,,,,,,,,,,,,,,,15.7895,,,,,,,,,,,5.6799,,,,,,,,,,,3.2107,,,,,,,,,,,,,,,,,,,,,,,,,,,,,,,,,,Kula,24.6801
45,09-12-KDP-2,Tap Water,9/12/2023 13:42,,-156.3194695370247,20.786851999070397,,,,,,,,12.1531,,,,,,,,,,,,,,,11.0503,,,,,,,,,,,5.9102,,,,,,,,,,,3.9291,,,,,,,,,,,,,,,,,,,,,,,,,,,,,,,,,,Kula,20.8896
46,09-12-KDP-3,Tap Water,9/12/2023 13:47,,-156.32259435052492,20.79194423928067,,,,,,,,12.9927,,,,,,,,,,,,,,,14.7275,,,,,,,,,,,6.7532,,,,,,,,,,,4.2314,,,,,,,,,,,,,,,,,,,,,,,,,,,,,,,,,,Kula,25.7121
47,9-14-Cks-1,Tap Water,9/14/2023 12:02,,-156.68152138410585,20.88615931006522,,,,,,,,56.2841,,,,,,,,,,,,,,,21.0227,,,,,,,,,,,12.8865,,,,,,,,,,,7.818,,,,,,,,2.0104,,,,,,,,,,,,,,,,,,,,,,,,,,Lahaina,43.7376
48,9-14-Cks-3,Tap Water,9/14/2023 13:07,,-156.68815775419606,20.90256965959067,,,,,,,,10.8452,,,,,,,,,,,,,,,20.8773,,,,,,,,,,,12.128,,,,,,,,,,,14.7821,,,,,,,,26.4982,,,,,,,,,,,,,,,,,,,,,,,,,,Lahaina,74.2856
49,9-14-CKS-4,Tap Water,9/14/2023 13:21,,-156.6823635401338,20.89964861191241,,,,,,,,77.3711,,,,,,,,,,,,,,,44.1945,,,,,,,,,,,19.3194,,,,,,,,,,,10.595,,,,,,,,3.8466,,,,,,,,,,,,,,,,,,,,,,,,,,Lahaina,77.9555
50,9-14-Cks-5,Tap Water,9/14/2023 14:23,,-156.68266302921413,20.902339839804966,,,,,,,,26.4427,,,,,,,,,,,,,,,24.7314,,,,,,,,,,,13.8276,,,,,,,,,,,11.9015,,,,,,,,9.065,,,,,,,,,,,,,,,,,,,,,,,,,,Lahaina,59.5255
51,09-14-Cks-6,Tap Water,9/14/2023 14:55,,-156.6879823822278,20.900226849794223,,,,,,,,19.492,,,,,,,,,,,,,,,30.8509,,,,,,,,,,,16.2542,,,,,,,,,,,9.631,,,,,,,,3.7042,,,,,,,,,,,,,,,,,,,,,,,,,,Lahaina,60.4403
52,09-14-JJ-1,Tap Water,9/14/2023 15:56,,-156.32144830909124,20.813848415150552,,,,,,,,9.9644,,,,,,,,,,,,,,,17.3102,,,,,,,,,,,,,,,,,,,,,,,,,,,,,,,,,,,,,,,,,,,,,,,,,,,,,,,,Outside of Boxes,17.3102
53,09-14-JJ-2,Tap Water,9/14/2023 15:59,,-156.3238620921071,20.78777243549921,,,,,,,,44.1191,,,,,,,,,,,,,,,14.9611,,,,,,,,,,,4.5294,,,,,,,,,,,2.0589,,,,,,,,,,,,,,,,,,,,,,,,,,,,,,,,,,Kula,21.5494
54,9-14-CKS-8,Tap Water,9/14/2023 16:44,,-156.68511518258583,20.901035715855937,,,,,,,,35.0683,,,,,,,,,,,,,,,26.6203,,,,,,,,,,,15.8895,,,,,,,,,,,13.0527,,,,,,,,9.4304,,,,,,,,,,,,,,,,,,,,,,,,,,Lahaina,64.99289999999999
55,09-14-JJ-3,Tap Water,9/14/2023 17:26,,-156.32199668997202,20.791564223447697,,,,,,,,61.4747,,,,,,,,,,,,,,,7.6791,,,,,,,,,,,3.2612,,,,,,,,,,,,,,,,,,,,,,,,,,,,,,,,,,,,,,,,,,,,,Kula,10.9403
56,09-14-KDP-1,Tap Water,9/15/2023 11:58,,-156.3392020732865,20.75257630630001,,,,,,,,14.7998,,,,,,,,,,,,,,,7.9832,,,,,,,,,,,5.5203,,,,,,,,,,,4.0771,,,,,,,,,,,,,,,,,,,,,,,,,,,,,,,,,,Kula,17.5806
57,09-14-KDP-2,Tap Water,9/15/2023 12:15,,-156.33368463156174,20.75581148802452,,,,,,,,9.2055,,,,,,,,,,,,,,,28.663,,,,,,,,,,,4.2163,,,,,,,,,,,,,,,,,,,,,,,,,,,,,,,,,,,,,,,,,,,,,Kula,32.8793
58,09-14-KDP-3,Tap Water,9/15/2023 12:43,,-156.33052643078264,20.75264522694203,,,,,,,,9.7513,,,,,,,,,,,,,,2.8817,7.4954,,,,,,,,,,,2.1452,,,,,,,,,,,,,,,,,,,,,,,,,,,,,,,,,,,,,,,,,,,,,Kula,9.6406
59,09-14-KDP-4,Tap Water,9/15/2023 12:55,,-156.3288152448417,20.75212858890845,,,,,,,,10.5962,,,,,,,,,,,,,,,6.5544,,,,,,,,,,,,,,,,,,,,,,,,,,,,,,,,,,,,,,,,,,,,,,,,,,,,,,,,Kula,6.5544
60,09-14-KDP-5,Tap Water,9/15/2023 13:00,,,,,,,,,,,5.1135,,,,,,,,,,,,,,,38.2884,,,,,,,,,,,9.7821,,,,,,,,,,,4.8183,,,,,,,,,,,,,,,,,,,,,,,,,,,,,,,,,,Outside of Boxes,52.8888
61,09-18-KDP-1,Tap Water,9/18/2023 4:05,,-156.30607870907704,20.77825096217476,,,,,,,,15.5967,,,,,,,,,,,,,,,27.6707,,,,,,,,,,,7.4033,,,,,,,,,,,3.0427,,,,,,,,,,,,,,,,,,,,,,,,,,,,,,,,,,Kula,38.1167
62,09-19-KDP-1,Tap Water,9/19/2023 12:25,,-156.3293401617481,20.75497371679007,,,,,,,,9.1831,,,,,,,,,,,,,,109.8697,71.403,,,,,,,,,,,6.9835,,,,,,,,,,,2.2088,,,,,,,,,,,,,,,,,,,,,,,,,,,,,,,,,,Kula,80.59530000000001
63,09-19-KDP-3,Tap Water,9/19/2023 13:33,,-156.30728253689313,20.7743051377191,,,,,,,,11.6492,,,,,,,,,,,,,,,12.1458,,,,,,,,,,,,,,,,,,,,,,,,,,,,,,,,,,,,,,,,,,,,,,,,,,,,,,,,Kula,12.1458
64,09-22-KDP-3,Tap Water,9/22/2023 14:05,,-156.32730814910545,20.739202519266907,,,,,,,,17.6695,,,,,,,,,,,,,,,14.7691,,,,,,,,,,,,,,,,,,,,,,,,,,,,,,,,,,,,,,,,,,,,,,,,,,,,,,,,Kula,14.7691
65,09-22-KDP-4,Tap Water,9/22/2023 14:47,,-156.30279843381254,20.760338858504664,,,,,,,,,,,,,,,,,,,,,,,11.9323,,,,,,,,,,,,,,,,,,,,,,,,,,,,,,,,,,,,,,,,,,,,,,,,,,,,,,,,Kula,11.9323
66,09-22-KDP-5,Tap Water,9/22/2023 14:49,,-156.3067282105027,20.77634232554286,,,,,,,,,,,,,,,,,,,,,,,,,,,,,,,,,,2.0653,,,,,,,,,,,4.6744,,,,,,,,7.3138,,,,,,,,,,,,,,,,,,,,,,,,,,Kula,14.0535
67,09-22-KDP-1,Tap Water,9/22/2023 14:50,,-156.30779836620383,20.775417420858588,,,,,,,,6.4024,,,,,,,,,,,,,,11.3352,,,,,,,,,,,,,,,,,,,,,,,,,,,,,,,,,,,,,,,,,,,,,,,,,,,,,,,,,Kula,0.0
68,09-22-KDP-6,Tap Water,9/22/2023 15:10,,-156.30894611121508,20.75827186152812,,,,,,,,13.2604,,,,,,,,,,,,,,,3.1988,,,,,,,,,,,,,,,,,,,,,,,,,,,,,,,,,,,,,,,,,,,,,,,,,,,,,,,,Kula,3.1988
69,09-22-KDP-7,Tap Water,9/22/2023 15:37,,-156.31012366688665,20.761675194587102,,,,,,,,12.6027,,,,,,,,,,,,,,,74.2369,,,,,,,,,,,6.9603,,,,,,,,,,,2.7307,,,,,,,,,,,,,,,,,,,,,,,,,,,,,,,,,,Kula,83.92790000000001
70,09-25-KDP-2,Tap Water,9/25/2023 14:30,,-156.301813633744,20.757033498145976,,,,,,,,,,,,,,,,,,10.0282,,,,12.8605,10.8977,,,,,,,,,,,,,,,,,,,,,,,,,,,,,,,,,,,,,,,,,,,,,,,,,,,,,,,,Kula,10.8977
71,09-25-KDP-3,Tap Water,9/25/2023 15:10,,-156.30913848482083,20.777032354121364,,,,,,,,,,,,,,,,,,,,,,,31.2233,,,,,,,,,,,8.0684,,,,,,,,,,,3.1858,,,,,,,,,,,,,,,,,,,,,,,,,,,,,,,,,,Kula,42.4775
72,09-26-JI-1,Tap Water,9/26/2023 9:37,,-156.68046386926386,20.90183947141991,,,,,,,,13.2191,,,,,,,,,,,,,,,39.3599,,,,,,,,,,,16.2939,,,,,,,,,,,12.0569,,,,,,,,7.2331,,,,,,,,,,,,,,,,,,,,,,,,,,Lahaina,74.94380000000001
73,09-26-JI-3,Tap Water,9/26/2023 10:00,,-156.67998904762075,20.898960084444973,,,,,,,,,,,,,,,,,,,,,,,35.7749,,,,,,,,,,,14.8348,,,,,,,,,,,10.5622,,,,,,,,6.6803,,,,,,,,,,,,,,,,,,,,,,,,,,Lahaina,67.85220000000001
74,09-26-JI-4,Tap Water,9/26/2023 10:10,,-156.6829979834139,20.899762111754757,,,,,,,,,,,,,,,,,,,,,,,35.4002,,,,,,,,,,,15.3078,,,,,,,,,,,11.2005,,,,,,,,8.0116,,,,,,,,,,,,,,,,,,,,,,,,,,Lahaina,69.92009999999999
75,09-26-JI-5,Tap Water,9/26/2023 10:22,,-156.68129253543043,20.901636848150837,,,,,,,,5.1842,,,,,,,,,,,,,,,45.0083,,,,,,,,,,,17.1247,,,,,,,,,,,10.2074,,,,,,,,4.4864,,,,,,,,,,,,,,,,,,,,,,,,,,Lahaina,76.82679999999999
76,09-26-JI-6,Tap Water,9/26/2023 10:32,,-156.68257350933374,20.898283375777936,,,,,,,,8.4825,,,,,,,,,,,,,,,45.5372,,,,,,,,,,,3.054,,,,,,,,,,,2.2391,,,,,,,,2.3477,,,,,,,,,,,,,,,,,,,,,,,,,,Lahaina,53.178
77,9-26-JES-2,Tap Water,9/26/2023 14:08,,-156.68775220948962,20.95579699924435,,,,,,,,4.3823,,,,,,,,,,,,,,,,,,,,,,,,,,,,,,,,,,,,,,,,,,,,,2.5339,,,,,,,,,,,,,,,,,,,,,,,,,,Outside of Boxes,2.5339
78,09-26-KDP-1,Tap Water,9/26/2023 14:20,,-156.3055154866246,20.76239868182291,,,,,,,,12.403,,,,,,,,,,,,,,,3.8735,,,,,,,,,,,,,,,,,,,,,,,,,,,,,,,,,,,,,,,,,,,,,,,,,,,,,,,,Kula,3.8735
79,09-26-KDP-2,Tap Water,9/26/2023 16:25,,-156.3099903104187,20.776040975193443,,,,,,,,6.9647,,,,,,,,,,,,,,,62.9747,,,,,,,,,,,7.728,,,,,,,,,,,2.0611,,,,,,,,,,,,,,,,,,,,,,,,,,,,,,,,,,Kula,72.7638
80,09-27-KDP-1,Tap Water,9/27/2023 16:33,,-156.32784709055662,20.74413246225255,,,,,,,,,,,,,,,,,,,,,,,3.9108,,,,,,,,,,,,,,,,,,,,,,,,,,,,,,,,,,,,,,,,,,,,,,,,,,,,,,,,Kula,3.9108
81,09-27-KDP-3,Tap Water,9/27/2023 16:37,,-156.30769932250112,20.78148877743624,,,,,,,,6.9206,,,,,,,,,,,,,,,29.3274,,,,,,,,,,,6.3591,,,,,,,,,,,2.0104,,,,,,,,,,,,,,,,,,,,,,,,,,,,,,,,,,Kula,37.6969
82,09-27-KDP-6,Tap Water,9/27/2023 16:51,,-156.31038293779167,20.778587504092265,,,,,,,,22.9134,,,,,,,,,,,,,,,45.3442,,,,,,,,,,,4.2346,,,,,,,,,,,,,,,,,,,,,,,,,,,,,,,,,,,,,,,,,,,,,Kula,49.5788
83,09-27-KDP-8,Tap Water,9/27/2023 17:14,,-156.311609097228,20.77343819162165,,,,,,,,,,,,,,,,,,,,,,,29.6341,,,,,,,,,,,4.8554,,,,,,,,,,,,,,,,,,,,,,,,,,,,,,,,,,,,,,,,,,,,,Kula,34.4895
84,09-27-KDP-7,Tap Water,9/27/2023 18:04,,-156.31251020549064,20.774387929626972,,,,,,,,,,,,,,,,,,,,,,,31.4044,,,,,,,,,,,5.5091,,,,,,,,,,,,,,,,,,,,,,,,,,,,,,,,,,,,,,,,,,,,,Kula,36.9135
85,09-27-KDP-9,Tap Water,9/27/2023 18:06,,-156.30894585718278,20.77566436114707,,,,,,,,7.4535,,,,,,,,,,,,,,,45.357,,,,,,,,,,,5.2886,,,,,,,,,,,,,,,,,,,,,,,,,,,,,,,,,,,,,,,,,,,,,Kula,50.6456
86,09-27-KDP-10,Tap Water,9/27/2023 18:10,,-156.3089165910701,20.77639304320766,,,,,,,,,,,,,,,,,,,,,,,29.75,,,,,,,,,,,6.1143,,,,,,,,,,,,,,,,,,,,,,,,,,,,,,,,,,,,,,,,,,,,,Kula,35.8643
87,10-02-23-JI-01,Tap Water,10/2/2023 11:20,,-156.68593759851296,20.89971835954636,,,,,,,,19.9001,,,,,,,,,,,,,,,29.9544,,,,,,,,,,,14.2141,,,,,,,,,,,12.6606,,,,,,,,11.0816,,,,,,,,,,,,,,,,,,,,,,,,,,Lahaina,67.91069999999999
88,10-02-23-JI-02,Tap Water,10/2/2023 11:35,,-156.68373027664333,20.901543699918577,,,,,,,,17.3977,,,,,,,,,,,,,,,31.8031,,,,,,,,,,,14.7462,,,,,,,,,,,12.606,,,,,,,,10.4679,,,,,,,,,,,,,,,,,,,,,,,,,,Lahaina,69.6232
89,10-02-23-JI-03,Tap Water,10/2/2023 11:51,,-156.68283915656528,20.89881234752807,,,,,,,,25.0865,,,,,,,,,,,,,,,34.1916,,,,,,,,,,,15.3867,,,,,,,,,,,12.1093,,,,,,,,8.0733,,,,,,,,,,,,,,,,,,,,,,,,,,Lahaina,69.76089999999999
90,10-02-KDP-1,Tap Water,10/2/2023 15:20,,-156.31106445037082,20.779632875643934,,,,,,,,6.4531,,,,,,,,,,,,,,,41.194,,,,,,,,,,,4.8756,,,,,,,,,,,,,,,,,,,,,,,,,,,,,,,,,,,,,,,,,,,,,Kula,46.0696
91,10-02- KDP-4,Tap Water,10/2/2023 16:12,,-156.3086535798084,20.77178811600445,,,,,,,,8.7509,,,,,,,,,,,,,,,43.5208,,,,,,,,,,,5.8847,,,,,,,,,,,,,,,,,,,,,,,,,,,,,,,,,,,,,,,,,,,,,Kula,49.4055
92,10-02-KDP-6,Tap Water,10/2/2023 16:49,,-156.31546971127847,20.779870828174857,,,,,,,,16.7863,,,,,,,,,,,,,,,33.4206,,,,,,,,,,,5.3209,,,,,,,,,,,,,,,,,,,,,,,,,,,,,,,,,,,,,,,,,,,,,Kula,38.7415
93,10-2-KDP-8,Tap Water,10/2/2023 17:05,,-156.31899893697056,20.77927119773016,,,,,,,,,,,,,,,,,,,,,,,36.9577,,,,,,,,,,,3.4838,,,,,,,,,,,,,,,,,,,,,,,,,,,,,,,,,,,,,,,,,,,,,Kula,40.441500000000005
94,10-02-KDP-9,Tap Water,10/2/2023 17:18,,-156.31753956216585,20.782359028682716,,,,,,,,29.1084,,,,,,,,,,,,,,,46.8263,,,,,,,,,,,4.946,,,,,,,,,,,,,,,,,,,,,,,,,,,,,,,,,,,,,,,,,,,,,Kula,51.7723
95,10-02-KDP-10,Tap Water,10/2/2023 18:39,,-156.30392427272497,20.778107913122987,,,,,,,,33.9091,,,,,,,,,,,,,,,44.6607,,,,,,,,,,,5.2377,,,,,,,,,,,,,,,,,,,,,,,,,,,,,,,,,,,,,,,,,,,,,Kula,49.898399999999995
96,10-03-23-JI-01,Tap Water,10/3/2023 10:55,,-156.68170351322317,20.89921431481528,,,,,,,,52.5921,,,,,,,,,,,,,,,46.1346,,,,,,,,,,,14.9655,,,,,,,,,,,5.3709,,,,,,,,,,,,,,,,,,,,,,,,,,,,,,,,,,Lahaina,66.471
97,10-03-23-JI-02,Tap Water,10/3/2023 11:12,,-156.68143958960778,20.90223445395506,,,,,,,,74.8581,,,,,,,,,,,,,,,51.2503,,,,,,,,,,,7.3984,,,,,,,,,,,7.4977,,,,,,,,10.2007,,,,,,,,,,,,,,,,,,,,,,,,,,Lahaina,76.34710000000001
98,10-03-23-JI-03,Tap Water,10/3/2023 11:25,,-156.68252184471302,20.897999367554693,,,,,,,,29.1338,,,,,,,,,,,,,,,42.0963,,,,,,,,,,,14.5841,,,,,,,,,,,5.7177,,,,,,,,,,,,,,,,,,,,,,,,,,,,,,,,,,Lahaina,62.3981
99,10-03-23-JI-04,Tap Water,10/3/2023 11:38,,-156.68125041365604,20.89903239090528,,,,,,,,18.2659,,,,,,,,,,,,,,,45.144,,,,,,,,,,,16.6517,,,,,,,,,,,7.9212,,,,,,,,,,,,,,,,,,,,,,,,,,,,,,,,,,Lahaina,69.7169
100,10-03-23-Jl-05,Tap Water,10/3/2023,,-156.6832674585647,20.899133484560657,,,,,,,,16.6751,,,,,,,,,,,,,,,47.3547,,,,,,,,,,,16.1942,,,,,,,,,,,6.492,,,,,,,,,,,,,,,,,,,,,,,,,,,,,,,,,,Lahaina,70.0409
101,10-03-JES-5,Tap Water,10/3/2023 11:46,,-156.68404872115903,20.95856052266359,,,,,,,,9.1156,,,,,,,,,,,,,,,20.9921,,,,,,,,,,,7.0426,,,,,,,,,,,4.131,,,,,,,,6.7671,,,,,,,,,,,,,,,,,,,,,,,,,,Outside of Boxes,38.9328
102,10-03-JES-6,Tap Water,10/3/2023 12:09,,-156.67210056016063,20.982595896611542,,,,,,,,18.4111,,,,,,,,,,,,,,,,,,,,,,,,,,,,,,,,,,,,,,,,,,,,,4.7371,,,,,,,,,,,,,,,,,,,,,,,,,,Outside of Boxes,4.7371
103,10-03-JES-9,Tap Water,10/3/2023 13:06,,-156.66144705882238,20.98565774102241,,,,,,,,18.0431,,,,,,,,,,,,,,,,,,,,,,,,,,,,,,,,,,,,,8.7214,,,,,,,,33.9244,,,,,,,,,,,,,,,,,,,,,,,,,,Outside of Boxes,42.645799999999994
104,10-03-JES-10,Tap Water,10/3/2023 14:01,,-156.63553972085447,20.848409300093355,,,,,,,,9.6893,,,,,,,,,,,,,,,,,,,,,,,,,,,,,,,,,,,,,,,,,,,,,5.5504,,,,,,,,,,,,,,,,,,,,,,,,,,Outside of Boxes,5.5504
105,10-03-JES-13,Tap Water,10/3/2023 14:30,,-156.63461405228887,20.84933734719737,,,,,,,,12.6889,,,,,,,,,,,,,,,,,,,,,,,,,,,,,,,,,,,,,,,,,,,,,5.4084,,,,,,,,,,,,,,,,,,,,,,,,,,Outside of Boxes,5.4084
106,10-03-JES-14,Tap Water,10/3/2023 15:07,,-156.67899239330092,20.87707331682224,,,,,,,,10.6154,,,,,,,,,,,,,,,,,,,,,,,,,,,,,,,,,,,,,,,,,,,,,6.9138,,,,,,,,,,,,,,,,,,,,,,,,,,Lahaina,6.9138
107,10-03-JES-16,Tap Water,10/3/2023 16:24,,-156.68798025853803,20.95098159342922,,,,,,,,10.4144,,,,,,,,,,,,,,,40.3645,,,,,,,,,,,11.5777,,,,,,,,,,,2.8949,,,,,,,,,,,,,,,,,,,,,,,,,,,,,,,,,,Outside of Boxes,54.8371
108,10-04-JES-19,Tap Water,10/4/2023 10:17,,-156.6899052959858,20.945443891594003,,,,,,,,34.7213,,,,,,,,,,,,,,,47.1421,,,,,,,,,,,12.2144,,,,,,,,,,,2.6545,,,,,,,,,,,,,,,,,,,,,,,,,,,,,,,,,,Outside of Boxes,62.010999999999996
109,10-04-JES-21,Tap Water,10/4/2023 11:01,,-156.68229382987815,20.901659166925786,,,,,,,,16.2398,,,,,,,,,,,,,,,44.9127,,,,,,,,,,,14.8015,,,,,,,,,,,5.0307,,,,,,,,,,,,,,,,,,,,,,,,,,,,,,,,,,Lahaina,64.7449
110,10-04-JES-22,Tap Water,10/4/2023 12:11,,-156.6762492719255,20.88396835939706,,,,,,,,36.2476,,,,,,,,,,,,,,,17.5941,,,,,,,,,,,7.5303,,,,,,,,,,,2.9958,,,,,,,,,,,,,,,,,,,,,,,,,,,,,,,,,,Lahaina,28.1202
111,10-04-JES-25,Tap Water,10/4/2023 13:12,,-156.64141645929033,20.84325378237984,,,,,,,,6.0778,,,,,,,,,,,,,,,,,,,,,,,,,,,,,,,,,,,,,,,,,,,,,9.4699,,,,,,,,,,,,,,,,,,,,,,,,,,Outside of Boxes,9.4699
112,10-04-KDP-1,Tap Water,10/4/2023 13:24,,-156.31171584150758,20.783963929538277,,,,,,,,,,,,,,,,,,,,,,,33.6554,,,,,,,,,,,4.4758,,,,,,,,,,,,,,,,,,,,,,,,,,,,,,,,,,,,,,,,,,,,,Kula,38.1312
113,10-04-KDP-3,Tap Water,10/4/2023 14:36,,-156.32472519455015,20.78940743655652,,,,,,,,26.8618,,,,,,,,,,,,,,,32.8338,,,,,,,,,,,4.2682,,,,,,,,,,,,,,,,,,,,,,,,,,,,,,,,,,,,,,,,,,,,,Kula,37.102
114,10-04-KDP-4,Tap Water,10/4/2023 14:38,,-156.30105029287768,20.777280763401347,,,,,,,,8.5489,,,,,,,,,,,,,,,45.6448,,,,,,,,,,,2.8623,,,,,,,,,,,,,,,,,,,,,,,,,,,,,,,,,,,,,,,,,,,,,Kula,48.507099999999994
115,10-04-JES-26,Tap Water,10/4/2023 15:07,,-156.66705641499934,20.887379794445003,,,,,,,,21.2511,,,,,,,,,,,,,,,16.6584,,,,,,,,,,,7.7653,,,,,,,,,,,3.1568,,,,,,,,,,,,,,,,,,,,,,,,,,,,,,,,,,Lahaina,27.5805
116,10-04-KDP-5,Tap Water,10/4/2023 15:16,,-156.31039067444647,20.77586984696399,,,,,,,,18.0799,,,,,,,,,,,,,,,47.0004,,,,,,,,,,,4.2557,,,,,,,,,,,,,,,,,,,,,,,,,,,,,,,,,,,,,,,,,,,,,Kula,51.256099999999996
117,10-04-KDP-7,Tap Water,10/4/2023 15:19,,-156.31647519085612,20.780757106845517,,,,,,,,24.6733,,,,,,,,,,,,,,,38.0363,,,,,,,,,,,5.0456,,,,,,,,,,,,,,,,,,,,,,,,,,,,,,,,,,,,,,,,,,,,,Kula,43.0819
118,10-9-23-JI-01,Tap Water,10/9/2023 9:29,,-156.66707219349635,20.88414853370881,,,,,,,,6.1333,,,,,,,,,,,,,,,7.3979,,,,,,,,,,,5.8607,,,,,,,,,,,2.9912,,,,,,,,,,,,,,,,,,,,,,,,,,,,,,,,,,Lahaina,16.2498
119,10-9-23-JI-02,Tap Water,10/9/2023 10:04,,-156.684743699633,20.898867596058743,,,,,,,,13.3334,,,,,,,,,,,,,,,40.0372,,,,,,,,,,,15.3096,,,,,,,,,,,4.6887,,,,,,,,,,,,,,,,,,,,,,,,,,,,,,,,,,Lahaina,60.0355
120,10-9-23-JI-03,Tap Water,10/9/2023 10:27,,-156.68193325632117,20.89979205705957,,,,,,,,6.1811,,,,,,,,,,,,,,,40.1379,,,,,,,,,,,14.3678,,,,,,,,,,,4.3569,,,,,,,,,,,,,,,,,,,,,,,,,,,,,,,,,,Lahaina,58.8626
121,10-9-23-JI-04,Tap Water,10/9/2023 10:51,,-156.68278486621455,20.902966627848446,,,,,,,,8.242,,,,,,,,,,,,,,,43.2032,,,,,,,,,,,16.6781,,,,,,,,,,,5.639,,,,,,,,,,,,,,,,,,,,,,,,,,,,,,,,,,Lahaina,65.5203
122,10-3-23-JI-05,Tap Water,10/9/2023 11:44,,-156.68290148002984,20.89984787638834,,,,,,,,9.4437,,,,,,,,,,,,,,,37.951,,,,,,,,,,,14.5524,,,,,,,,,,,4.724,,,,,,,,,,,,,,,,,,,,,,,,,,,,,,,,,,Lahaina,57.2274
123,10-10-23-JI-01,Tap Water,10/10/2023 8:09,,-156.6816115767218,20.90068388353705,,,,,,,,25.4181,,,,,,,,,,,,,,,42.5147,,,,,,,,,,,15.5209,,,,,,,,,,,7.0789,,,,,,,,,,,,,,,,,,,,,,,,,,,,,,,,,,Lahaina,65.11449999999999
124,10-10-23-JI-02,Tap Water,10/10/2023 8:22,,-156.68236035952856,20.898205467482523,,,,,,,,23.2717,,,,,,,,,,,,,,,62.9478,,,,,,,,,,,18.78,,,,,,,,,,,7.0219,,,,,,,,,,,,,,,,,,,,,,,,,,,,,,,,,,Lahaina,88.7497
125,10-10-23-JI-03,Tap Water,10/10/2023 8:31,,-156.68099135359284,20.89863164900088,,,,,,,,36.8503,,,,,,,,,,,,,,,50.2325,,,,,,,,,,,18.2568,,,,,,,,,,,8.5465,,,,,,,,1.117,,,,,,,,,,,,,,,,,,,,,,,,,,Lahaina,78.1528
126,10-10-23-JI-04,Tap Water,10/10/2023 8:48,,-156.68006405457515,20.87668832659789,,,,,,,,41.2477,,,,,,,,,,,,,,,39.1619,,,,,,,,,,,14.5607,,,,,,,,,,,5.9214,,,,,,,,,,,,,,,,,,,,,,,,,,,,,,,,,,Lahaina,59.644000000000005
127,10-10-23-JI-05,Tap Water,10/10/2023 9:13,,-156.685392368572,20.89950993169884,,,,,,,,52.8314,,,,,,,,,,,,,,,34.177,,,,,,,,,,,12.5401,,,,,,,,,,,4.5691,,,,,,,,,,,,,,,,,,,,,,,,,,,,,,,,,,Lahaina,51.2862
128,10-12-23-JI-01,Tap Water,10/12/2023 12:09,,-156.68203079725524,20.902582005447,,,,,,,,21.6683,,,,,,,,,,,,,,,32.1047,,,,,,,,,,,13.0497,,,,,,,,,,,5.33,,,,,,,,,,,,,,,,,,,,,,,,,,,,,,,,,,Lahaina,50.4844
129,10-12-23-JI-02,Tap Water,10/12/2023 12:23,,-156.68495813199326,20.90142807094856,,,,,,,,28.206,,,,,,,,,,,,,,,31.3511,,,,,,,,,,,13.0393,,,,,,,,,,,4.8862,,,,,,,,,,,,,,,,,,,,,,,,,,,,,,,,,,Lahaina,49.2766
130,10-12-23-JI-03,Tap Water,10/12/2023 12:31,,-156.68376168833765,20.899884524322744,,,,,,,,25.5856,,,,,,,,,,,,,,,29.0068,,,,,,,,,,,11.6895,,,,,,,,,,,4.3668,,,,,,,,,,,,,,,,,,,,,,,,,,,,,,,,,,Lahaina,45.0631
131,10-12-23-JI-04,Tap Water,10/12/2023 12:53,,-156.67942695107672,20.89876356003256,,,,,,,,27.029,,,,,,,,,,,,,,,31.2316,,,,,,,,,,,12.1207,,,,,,,,,,,4.9497,,,,,,,,,,,,,,,,,,,,,,,,,,,,,,,,,,Lahaina,48.302
132,10-13-23-JI-01,Tap Water,10/13/2023 8:06,,-156.6818074161614,20.902001715405525,,,,,,,,9.2156,,,,,,,,,,,,,,,32.2953,,,,,,,,,,,13.6753,,,,,,,,,,,5.9481,,,,,,,,,,,,,,,,,,,,,,,,,,,,,,,,,,Lahaina,51.9187
133,10-13-23-JI-02,Tap Water,10/13/2023 8:29,,-156.6813359690769,20.899387780763167,,,,,,,,22.6879,,,,,,,,,,,,,,,33.9222,,,,,,,,,,,14.0872,,,,,,,,,,,5.8573,,,,,,,,,,,,,,,,,,,,,,,,,,,,,,,,,,Lahaina,53.866699999999994
134,10-13-23-JI-03,Tap Water,10/13/2023 8:48,,-156.6799448111054,20.88965682050916,,,,,,,,12.4882,,,,,,,,,,,,,,,18.9978,,,,,,,,,,,9.1606,,,,,,,,,,,4.8872,,,,,,,,1.1173,,,,,,,,,,,,,,,,,,,,,,,,,,Lahaina,34.1629
135,10-13-23-JI-04,Tap Water,10/13/2023 9:31,,-156.66553951077208,20.88541490429619,,,,,,,,18.9793,,,,,,,,,,,,,,,5.631,,,,,,,,,,,5.0128,,,,,,,,,,,3.5476,,,,,,,,,,,,,,,,,,,,,,,,,,,,,,,,,,Lahaina,14.191400000000002
136,10-13-23-JI-05,Tap Water,10/13/2023 9:33,,-156.66449584430316,20.889343427103487,,,,,,,,11.5275,,,,,,,,,,,,,,,4.7656,,,,,,,,,,,4.3663,,,,,,,,,,,3.1317,,,,,,,,,,,,,,,,,,,,,,,,,,,,,,,,,,Lahaina,12.2636
137,10-17-KDP-1,Tap Water,10/17/2023 14:33,,-156.31647177267865,20.76494690731161,,,,,,,,8.9909,,,,,,,,,,,,,,,51.3046,,,,,,,,,,,3.4492,,,,,,,,,,,,,,,,,,,,,,,,,,,,,,,,,,,,,,,,,,,,,Kula,54.7538
138,10-17-KDP-2,Tap Water,10/17/2023 14:48,,-156.30818550247207,20.762104742931488,,,,,,,,2.8073,,,,,,,,,,,,,,,4.4091,,,,,,,,,,,,,,,,,,,,,,,,,,,,,,,,,,,,,,,,,,,,,,,,,,,,,,,,Kula,4.4091
139,10-17-JES-01,Tap Water,10/17/2023 16:12,,-156.67978012119465,20.898734892834195,,,,,,,,4.7825,,,,,,,,,,,,,,,29.7458,,,,,,,,,,,9.7713,,,,,,,,,,,5.8474,,,,,,,,3.7752,,,,,,,,,,,,,,,,,,,,,,,,,,Lahaina,49.139700000000005
140,10-17-KDP-4,Tap Water,10/17/2023 16:34,,-156.30227473224278,20.76606224409635,,,,,,,,9.4004,,,,,,,,,,,,,,,1.9854,,,,,,,,,,,,,,,,,,,,,,,,,,,,,,,,,,,,,,,,,,,,,,,,,,,,,,,,Kula,1.9854
141,10-17-JES-03,Tap Water,10/17/2023 17:18,,-156.681692378985,20.902042624523972,,,,,,,,2.8262,,,,,,,,,,,,,,,46.1866,,,,,,,,,,,15.5686,,,,,,,,,,,6.3463,,,,,,,,,,,,,,,,,,,,,,,,,,,,,,,,,,Lahaina,68.1015
142,10-17-JES-04,Tap Water,10/17/2023 17:20,,-156.68532501240298,20.884776041689577,,,,,,,,6.7039,,,,,,,,,,,,,,,32.5913,,,,,,,,,,,11.7224,,,,,,,,,,,5.384,,,,,,,,,,,,,,,,,,,,,,,,,,,,,,,,,,Lahaina,49.6977
143,10-17-JES-06,Tap Water,10/17/2023 17:40,,-156.68368648659498,20.88513746920637,,,,,,,,4.4889,,,,,,,,,,,,,,,15.6639,,,,,,,,,,,8.87,,,,,,,,,,,4.9208,,,,,,,,,,,,,,,,,,,,,,,,,,,,,,,,,,Lahaina,29.4547
144,10-17-JES-07,Tap Water,10/17/2023 17:59,,-156.6830199240788,20.881302025087567,,,,,,,,4.6774,,,,,,,,,,,,,,,19.336,,,,,,,,,,,9.3845,,,,,,,,,,,5.745,,,,,,,,2.6352,,,,,,,,,,,,,,,,,,,,,,,,,,Lahaina,37.1007
145,10-18-23-JI-01,Tap Water,10/18/2023 7:57,,-156.68431835195494,20.90356343367472,,,,,,,,4.5131,,,,,,,,,,,,,,,25.0274,,,,,,,,,,,12.1207,,,,,,,,,,,5.7085,,,,,,,,,,,,,,,,,,,,,,,,,,,,,,,,,,Lahaina,42.8566
146,10-18-KDP-1,Tap Water,10/18/2023 13:49,,-156.3069993796729,20.76926223966485,,,,,,,,4.2284,,,,,,,,,,,,,,,3.0177,,,,,,,,,,,,,,,,,,,,,,,,,,,,,,,,,,,,,,,,,,,,,,,,,,,,,,,,Kula,3.0177
147,10-18-KDP-2,Tap Water,10/18/2023 13:50,,-156.31045171574624,20.76963967281834,,,,,,,,7.4645,,,,,,,,,,,,,,,82.1658,,,,,,,,,,,7.7355,,,,,,,,,,,2.7419,,,,,,,,,,,,,,,,,,,,,,,,,,,,,,,,,,Kula,92.64320000000001
148,10-18-KDP-4,Tap Water,10/18/2023 14:54,,-156.31177651793476,20.78150808018766,,,,,,,,5.7709,,,,,,,,,,8.5058,,,,8.3645,58.3138,,,,,,,,,,,7.1575,,,,,,,,,,,1.922,,,,,,,,,,,,,,,,,,,,,,,,,,,,,,,,,,Kula,67.3933
149,10-18-KDP-5,Tap Water,10/18/2023 14:57,,-156.31416907939737,20.779583568084945,,,,,,,,,,,,,,,,,,,,,,,21.1937,,,,,,,,,,,5.5145,,,,,,,,,,,2.7956,,,,,,,,,,,,,,,,,,,,,,,,,,,,,,,,,,Kula,29.5038
150,10-18-KDP-6,Tap Water,10/18/2023 15:00,,-156.31101107341794,20.784082818783567,,,,,,,,3.9559,,,,,,,,,,,,,,,39.8413,,,,,,,,,,,9.3021,,,,,,,,,,,4.3422,,,,,,,,,,,,,,,,,,,,,,,,,,,,,,,,,,Kula,53.4856
151,10-18-KDP-7,Tap Water,10/18/2023 15:02,,-156.31041507310175,20.780226382003136,,,,,,,,1.8116,,,,,,,,,,,,,,,36.9361,,,,,,,,,,,7.8382,,,,,,,,,,,3.5638,,,,,,,,,,,,,,,,,,,,,,,,,,,,,,,,,,Kula,48.338100000000004
152,10-20-23-JI-01,Tap Water,10/20/2023 20:30,,-156.68540051841526,20.90049493765127,,,,,,,,,,,,,,,,,,,,,,,21.0881,,,,,,,,,,,15.4994,,,,,,,,,,,17.7881,,,,,,,,17.0278,,,,,,,,,,,,,,,,,,,,,,,,,,Lahaina,71.4034
153,10-20-23-JI-02,Tap Water,10/20/2023 20:35,,-156.68208411742054,20.89976207493576,,,,,,,,2.7578,,,,,,,,,,,,,,,12.7804,,,,,,,,,,,8.8094,,,,,,,,,,,10.3383,,,,,,,,12.0497,,,,,,,,,,,,,,,,,,,,,,,,,,Lahaina,43.9778
154,10-20-23-JI-05,Tap Water,10/20/2023 20:38,,-156.6821356428389,20.898404025405263,,,,,,,,,,,,,,,,,,,,,,,18.7933,,,,,,,,,,,11.7328,,,,,,,,,,,10.8566,,,,,,,,8.4112,,,,,,,,,,,,,,,,,,,,,,,,,,Lahaina,49.793899999999994
155,10-20-CKS-1,Tap Water,10/20/2023 22:02,,-156.31327860560455,20.940059447888736,,,,,,,,,,,,,,,,,,,,,,,,,,,,,,,,,,,,,,,,,,,,,,,,,,,,,,,,,,,,,,,,,,,,,,,,,,,,,,,Outside of Boxes,0.0
156,10-21-23-JI-01,Tap Water,10/21/2023 8:15,,-156.68271638119646,20.899138869000744,,,,,,,,,,,,,,,,,,,,,,,21.1567,,,,,,,,,,,15.83,,,,,,,,,,,21.9922,,,,,,,,22.4247,,,,,,,,,,,,,,,,,,,,,,,,,,Lahaina,81.4036
157,10-24-KDP-1,Tap Water,10/24/2023 12:56,,-156.30951445210718,20.754391778762603,,,,,,,,5.4863,,,,,,,,,,,,,,,2.7621,,,,,,,,,,,,,,,,,,,,,,,,,,,,,,,,,,,,,,,,,,,,,,,,,,,,,,,,Kula,2.7621
158,10-24-KDP-2,Tap Water,10/24/2023 13:06,,-156.3123796051356,20.75594132003218,,,,,,,,8.2125,,,,,,,,,,,,,,,2.915,,,,,,,,,,,,,,,,,,,,,,,,,,,,,,,,,,,,,,,,,,,,,,,,,,,,,,,,Kula,2.915
159,10-24-KDP-3,Tap Water,10/24/2023 13:35,,-156.3090382952338,20.75522714277535,,,,,,,,6.3227,,,,,,,,,,,,,,,3.1189,,,,,,,,,,,,,,,,,,,,,,,,,,,,,,,,,,,,,,,,,,,,,,,,,,,,,,,,Kula,3.1189
160,10-24-KDP-4,Tap Water,10/24/2023 14:08,,-156.31252087306908,20.75612330476781,,,,,,,,9.6142,,,,,,,,,,,,,,,2.4956,,,,,,,,,,,,,,,,,,,,,,,,,,,,,,,,,,,,,,,,,,,,,,,,,,,,,,,,Kula,2.4956
161,10-24-KDP-7,Tap Water,10/24/2023 14:34,,-156.31461786023152,20.756339363808483,,,,,,,,7.7057,,,,,,,,,,,,,,,2.6326,,,,,,,,,,,,,,,,,,,,,,,,,,,,,,,,,,,,,,,,,,,,,,,,,,,,,,,,Kula,2.6326
162,10-25-KDP-1,Tap Water,10/25/2023 12:26,,-156.30711016311955,20.75689504831673,,,,,,,,7.5162,,,,,,,,,,,,,,,2.3753,,,,,,,,,,,,,,,,,,,,,,,,,,,,,,,,,,,,,,,,,,,,,,,,,,,,,,,,Kula,2.3753
163,10-25-KDP-4,Tap Water,10/25/2023 13:32,,-156.31221294792005,20.77970732792245,,,,,,,,1.8573,,,,,,,,,,,,,,,1.4764,,,,,,,,,,,3.2668,,,,,,,,,,,11.0656,,,,,,,,15.9329,,,,,,,,,,,,,,,,,,,,,,,,,,Kula,31.7417
164,10-25-KDP-6,Tap Water,10/25/2023 13:37,,-156.30704421190688,20.778627205005968,,,,,,,,3.6982,,,,,,,,,,,,,,5.473,,,,,,,,,,,,,,,,,,,,,,,,,,,,,,,,,,,,,,,,,,,,,,,,,,,,,,,,,Kula,0.0
165,10-27-23-JI-01,Tap Water,10/27/2023 13:32,,-156.68112687135852,20.899136241525994,,,,,,,,3.2077,,,,,,,,,,,,,,,11.4679,,,,,,,,,,,8.7178,,,,,,,,,,,10.7832,,,,,,,,13.9934,,,,,,,,,,,,,,,,,,,,,,,,,,Lahaina,44.9623
166,10-27-23-JI-02,Tap Water,10/27/2023 13:34,,-156.68171846067793,20.8992066594922,,,,,,,,4.529,,,,,,,,,,,,,,,12.4584,,,,,,,,,,,7.8563,,,,,,,,,,,9.183,,,,,,,,11.6125,,,,,,,,,,,,,,,,,,,,,,,,,,Lahaina,41.1102
167,10-27-23-JI-03,Tap Water,10/27/2023 19:31,,-156.68397543132969,20.897762534736955,,,,,,,,20.7003,,,,,,,,,,,,,,,12.2489,,,,,,,,,,,9.1404,,,,,,,,,,,10.8157,,,,,,,,13.6483,,,,,,,,,,,,,,,,,,,,,,,,,,Lahaina,45.8533
168,10-28-JES-02,Tap Water,10/28/2023 14:55,,-156.68436506568105,20.88622008778444,,,,,,,,3.2691,,,,,,,,,,,,,,,14.7845,,,,,,,,,,,10.4465,,,,,,,,,,,6.444,,,,,,,,1.3171,,,,,,,,,,,,,,,,,,,,,,,,,,Lahaina,32.9921
169,10-28-JES-03,Tap Water,10/28/2023 15:27,,-156.66932059167826,20.8875287156002,,,,,,,,4.086,,,,,,,,,,,,,,,4.7989,,,,,,,,,,,4.3906,,,,,,,,,,,3.1781,,,,,,,,,,,,,,,,,,,,,,,,,,,,,,,,,,Lahaina,12.3676
170,10-28-JES-04,Tap Water,10/28/2023 15:54,,-156.66903997755134,20.886872012344256,,,,,,,,1.9697,,,,,,,,,,,,,,,6.3686,,,,,,,,,,,4.9493,,,,,,,,,,,3.4426,,,,,,,,,,,,,,,,,,,,,,,,,,,,,,,,,,Lahaina,14.7605
171,10-28-JES-05,Tap Water,10/28/2023 16:21,,-156.66817550293183,20.88580621236079,,,,,,,,4.65,,,,,,,,,,,,,,,7.1218,,,,,,,,,,,5.7559,,,,,,,,,,,3.754,,,,,,,,,,,,,,,,,,,,,,,,,,,,,,,,,,Lahaina,16.631700000000002
172,10-28-JES-06,Tap Water,10/28/2023 16:56,,-156.66628239444333,20.88741910327733,,,,,,,,3.8897,,,,,,,,,,,,,,,5.0787,,,,,,,,,,,4.9328,,,,,,,,,,,3.527,,,,,,,,,,,,,,,,,,,,,,,,,,,,,,,,,,Lahaina,13.538500000000003
173,10-28-JES-07,Tap Water,10/28/2023 17:21,,-156.68206546738963,20.90231116155824,,,,,,,,3.0989,,,,,,,,,,3.4471,,,,11.9182,13.3321,,,,,,,,,,,11.5968,,,,,,,,,,,16.122,,,,,,,,19.8299,,,,,,,,,,,,,,,,,,,,,,,,,,Lahaina,60.880799999999994
174,10-28-JES-08,Tap Water,10/28/2023 17:38,,-156.68278107401477,20.90119021348833,,,,,,,,3.1387,,,,,,,,,,,,,,,11.1901,,,,,,,,,,,9.4369,,,,,,,,,,,12.721,,,,,,,,16.4524,,,,,,,,,,,,,,,,,,,,,,,,,,Lahaina,49.800399999999996
175,11-6-KDP-1,Tap Water,11/6/2023 13:19,,-156.32329103985285,20.78502224108024,,,,,,,,7.3114,,,,,,,,,,,,,,,2.4272,,,,,,,,,,,,,,,,,,,,,,,,,,,,,,,,,,,,,,,,,,,,,,,,,,,,,,,,Kula,2.4272
176,11-6-KDP-2,Tap Water,11/6/2023 13:21,,-156.32639700375356,20.785242227505822,,,,,,,,8.2192,,,,,,,,,,,,,,,2.6238,,,,,,,,,,,,,,,,,,,,,,,,,,,,,,,,,,,,,,,,,,,,,,,,,,,,,,,,Kula,2.6238
177,11-6-KDP-4,Tap Water,11/6/2023 13:43,,-156.32341482726375,20.7883693336707,,,,,,,,9.032,,,,,,,,,,,,,,,2.5218,,,,,,,,,,,,,,,,,,,,,,,,,,,,,,,,,,,,,,,,,,,,,,,,,,,,,,,,Kula,2.5218
178,11-6-KDP-7,Tap Water,11/6/2023 14:40,,-156.32528801553144,20.75906282159858,,,,,,,,11.663,,,,,,,,,,,,,,,9.7776,,,,,,,,,,,,,,,,,,,,,,,,,,,,,,,,,,,,,,,,,,,,,,,,,,,,,,,,Kula,9.7776
179,11-7-KDP-1,Tap Water,11/7/2023 12:30,,-156.3230011559711,20.751325843339565,,,,,,,,1.9879,,,,,,,,,,,,,,,2.7639,,,,,,,,,,,,,,,,,,,,,,,,,,,,,,,,,,,,,,,,,,,,,,,,,,,,,,,,Kula,2.7639
180,11-7-KDP-3,Tap Water,11/7/2023 13:03,,-156.32621667377572,20.75894743653504,,,,,,,,13.487,,,,,,,,,,2.4612,,,,,2.9151,,,,,,,,,,,,,,,,,,,,,,,,,,,,,,,,,,,,,,,,,,,,,,,,,,,,,,,,Kula,2.9151
181,11-07-CKS-1,Tap Water,11/7/2023 13:09,,,,,,,,,,,3.4139,,,,,,,,,,,,,,,,,,,,,,,,,,,,,,,,,,,,,,,,,,,,,,,,,,,,,,,,,,,,,,,,,,,,,,,Outside of Boxes,0.0
182,11-07-CKS-4,Tap Water,11/7/2023 13:43,,-156.30571449350938,20.90315641175318,,,,,,,,3.1199,,,,,,,,,,,,,,,,,,,,,,,,,,,,,,,,,,,,,,,,,,,,,,,,,,,,,,,,,,,,,,,,,,,,,,,Outside of Boxes,0.0
183,11-07-CKS-7,Tap Water,11/7/2023 15:27,,-156.2819266573241,20.92244223846853,,,,,,,,5.0595,,,,,,,,,,,,,,,1.2324,,,,,,,,,,,1.5234,,,,,,,,,,,1.6201,,,,,,,,,,,,,,,,,,,,,,,,,,,,,,,,,,Outside of Boxes,4.375900000000001
184,11-6-KDP-9,Tap Water,11/7/2023 15:51,,-156.31535267406903,20.78351667754901,,,,,,,,7.4016,,,,,,,,,,1.8852,,,,,22.0372,,,,,,,,,,,2.8704,,,,,,,,,,,2.5014,,,,,,,,1.2311,,,,,,,,,,,,,,,,,,,,,,,,,,Kula,28.640099999999997
185,11-8-KDP-1,Tap Water,11/8/2023,,-156.31024861333444,20.778682208124973,,,,,,,,3.6462,,,,,,,,,,,,,,,10.0321,,,,,,,,,,,3.4469,,,,,,,,,,,1.831,,,,,,,,,,,,,,,,,,,,,,,,,,,,,,,,,,Kula,15.309999999999999
186,11-9-23-JI-04,Tap Water,11/9/2023 10:54,,-156.65974177928288,21.00487236489128,,,,,,,,8.6718,,,,,,,,,,,,,,,,,,,,,,,,,,,,,,,,,,,,,,,,,,,,,1.6189,,,,,,,,,,,,,,,,,,,,,,,,,,Outside of Boxes,1.6189
187,11-9-23-JI-03,Tap Water,11/9/2023 10:58,,-156.68458901846705,20.885574454337856,,,,,,,,14.6587,,,,,,,,,,,,,,,6.3552,,,,,,,,,,,6.1661,,,,,,,,,,,4.1187,,,,,,,,,,,,,,,,,,,,,,,,,,,,,,,,,,Lahaina,16.64
188,11-9-23-JI-02,Tap Water,11/9/2023 11:15,,-156.6804819062129,20.899175351143224,,,,,,,,10.5911,,,,,,,,,,,,,,,8.3394,,,,,,,,,,,8.7864,,,,,,,,,,,12.2509,,,,,,,,12.5281,,,,,,,,,,,,,,,,,,,,,,,,,,Lahaina,41.9048
189,11-9-KDP-1,Tap Water,11/10/2023 11:44,,-156.3180894308036,20.75145851485605,,,,,,,,12.1669,,,,,,,,,,,,,,,2.2131,,,,,,,,,,,,,,,,,,,,,,,,,,,,,,,,,,,,,,,,,,,,,,,,,,,,,,,,Kula,2.2131
190,11-9-KDP-3,Tap Water,11/9/2023,,-156.31728759167203,20.754924009057603,,,,,,,,13.2429,,,,,,,,,,,,,,,1.8893,,,,,,,,,,,,,,,,,,,,,,,,,,,,,,,,,,,,,,,,,,,,,,,,,,,,,,,,Kula,1.8893
191,11-9-KDP-4,Tap Water,11/9/2023,,-156.30998064674478,20.776144781819205,,,,,,,,,,,,,,,,,,,,,,,1.9301,,,,,,,,,,,4.6227,,,,,,,,,,,10.1896,,,,,,,,10.0844,,,,,,,,,,,,,,,,,,,,,,,,,,Kula,26.826800000000002
192,11-9-KDP-5,Tap Water,11/9/2023,,-156.30964515415442,20.77762529144391,,,,,,,,7.2337,,,,,,,,,,,,,,13.6146,,,,,,,,,,,,,,,,,,,,,,,,,,,,,,,,,,,,,,,,,,,,,,,,,,,,,,,,,Kula,0.0
193,11-13-23-JI-14,Tap Water,11/13/2023 14:40,,-156.68255921018925,20.88475002464561,,,,,,,,15.7217,,,,,,,,,,,,,,,14.4605,,,,,,,,,,,5.0057,,,,,,,,,,,6.6987,,,,,,,,9.6161,,,,,,,,,,,,,,,,,,,,,,,,,,Lahaina,35.781
194,11-13-23-JI-13,Tap Water,11/13/2023 14:40,,-156.68296898023354,20.88527199322818,,,,,,,,24.3209,,,,,,,,,,,,,,,13.9942,,,,,,,,,,,5.0529,,,,,,,,,,,7.3269,,,,,,,,9.3389,,,,,,,,,,,,,,,,,,,,,,,,,,Lahaina,35.7129
195,11-13-23-JI-11,Tap Water,11/13/2023 14:43,,-156.68172299909628,20.88367778352885,,,,,,,,2.8162,,,,,,,,,,,,,,,15.8359,,,,,,,,,,,11.7395,,,,,,,,,,,10.9405,,,,,,,,1.4986,,,,,,,,,,,,,,,,,,,,,,,,,,Lahaina,40.0145
196,11-13-23-JI-10,Tap Water,11/13/2023 14:48,,-156.68280904712708,20.882241189961025,,,,,,,,26.3369,,,,,,,,,,,,,,,15.8317,,,,,,,,,,,8.3858,,,,,,,,,,,3.8951,,,,,,,,,,,,,,,,,,,,,,,,,,,,,,,,,,Lahaina,28.1126
197,11-13-23-JI-09,Tap Water,11/13/2023 14:48,,-156.6863418126038,20.885663117196632,,,,,,,,49.548,,,,,,,,,,,,,,,17.1689,,,,,,,,,,,9.3445,,,,,,,,,,,5.0404,,,,,,,,,,,,,,,,,,,,,,,,,,,,,,,,,,Lahaina,31.553800000000003
198,11-13-23-JI-08,Tap Water,11/13/2023 14:50,,-156.6836129656638,20.88135342581596,,,,,,,,32.6738,,,,,,,,,,,,,,,14.4473,,,,,,,,,,,7.9376,,,,,,,,,,,3.6611,,,,,,,,,,,,,,,,,,,,,,,,,,,,,,,,,,Lahaina,26.046
199,11-13-23-JI-07,Tap Water,11/13/2023 14:50,,-156.682759829641,20.88494089825256,,,,,,,,38.2767,,,,,,,,,,,,,,,17.9509,,,,,,,,,,,9.5965,,,,,,,,,,,4.9225,,,,,,,,,,,,,,,,,,,,,,,,,,,,,,,,,,Lahaina,32.4699
200,11-13-23-JI-06,Tap Water,11/13/2023 14:53,,-156.6859098438849,20.881089338684028,,,,,,,,19.4612,,,,,,,,,,,,,,,15.8293,,,,,,,,,,,8.9475,,,,,,,,,,,4.499,,,,,,,,,,,,,,,,,,,,,,,,,,,,,,,,,,Lahaina,29.2758
201,11-13-23-JI-05,Tap Water,11/13/2023 14:53,,-156.6822162490825,20.88195272573629,,,,,,,,38.9349,,,,,,,,,,,,,,,17.374,,,,,,,,,,,10.0366,,,,,,,,,,,4.9554,,,,,,,,,,,,,,,,,,,,,,,,,,,,,,,,,,Lahaina,32.366
202,11-13-23-JI-04,Tap Water,11/13/2023 14:55,,-156.6857887139399,20.883752684783797,,,,,,,,22.6407,,,,,,,,,,,,,,,16.212,,,,,,,,,,,8.8388,,,,,,,,,,,4.4607,,,,,,,,,,,,,,,,,,,,,,,,,,,,,,,,,,Lahaina,29.5115
203,11-13-23-JI-03,Tap Water,11/13/2023 14:55,,-156.68531123177382,20.880866087940543,,,,,,,,19.2369,,,,,,,,,,,,,,,10.0519,,,,,,,,,,,4.583,,,,,,,,,,,1.9763,,,,,,,,,,,,,,,,,,,,,,,,,,,,,,,,,,Lahaina,16.6112
204,11-13-23-JI-02,Tap Water,11/13/2023 14:57,,-156.68386652942462,20.88128308200311,,,,,,,,13.4251,,,,,,,,,,,,,,,15.2334,,,,,,,,,,,8.3176,,,,,,,,,,,4.1597,,,,,,,,,,,,,,,,,,,,,,,,,,,,,,,,,,Lahaina,27.7107
205,11-13-23-JI-01,Tap Water,11/13/2023 14:57,,-156.68707237697612,20.88392431022625,,,,,,,,10.2664,,,,,,,,,,,,,,,15.6311,,,,,,,,,,,8.3939,,,,,,,,,,,4.2185,,,,,,,,,,,,,,,,,,,,,,,,,,,,,,,,,,Lahaina,28.2435
206,11-15-KDP-1,Tap Water,11/15/2023 16:22,,-156.3176791470509,20.755271093070228,,,,,,,,8.5782,,,,,,,,,,,,,,,2.692,,,,,,,,,,,,,,,,,,,,,,,,,,,,,,,,,,,,,,,,,,,,,,,,,,,,,,,,Kula,2.692
207,11-15-KDP-3,Tap Water,11/15/2023 16:25,,-156.3221812751836,20.74581927772022,,,,,,,,6.8455,,,,,,,,,,,,,,1.1177,1.4523,,,,,,,,,,,,,,,,,,,,,,,,,,,,,,,,,,,,,,,,,,,,,,,,,,,,,,,,Kula,1.4523
208,11-15-KDP-5,Tap Water,11/15/2023 16:54,,-156.31496181398148,20.74126860372312,,,,,,,,9.5617,,,,,,,,,,,,,,,1.2393,,,,,,,,,,,,,,,,,,,,,,,,,,,,,,,,,,,,,,,,,,,,,,,,,,,,,,,,Kula,1.2393
209,11-15-KDP-7,Tap Water,11/15/2023 17:15,,-156.31343307295796,20.736890175081477,,,,,,,,26.8271,,,,,,,,,,,,,,,8.7925,,,,,,,,,,,,,,,,,,,,,,,,,,,,,,,,,,,,,,,,,,,,,,,,,,,,,,,,Kula,8.7925
210,11-15-KDP-8,Tap Water,11/15/2023 18:19,,-156.30758162506453,20.749533174079406,,,,,,,,6.4334,,,,,,,,,,,,,,,2.2724,,,,,,,,,,,,,,,,,,,,,,,,,,,,,,,,,,,,,,,,,,,,,,,,,,,,,,,,Kula,2.2724
211,11-16-KDP-1,Tap Water,11/16/2023 13:36,,-156.31755716719036,20.748018747345345,,,,,,,,4.2212,,1.3282,,,,,,,,,,,,3.4294,1.7626,,,,,,,,,,,,,,,,,,,,,,,,,,,,,,,,,,,,,,,,,,,,,,,,,,,,,,,,Kula,1.7626
212,11-16-KDP-3,Tap Water,11/16/2023 13:38,,-156.31753339043271,20.74981911549005,,,,,,,,24.5002,,,,,,,,,,,,,,,3.2456,,,,,,,,,,,,,,,,,,,,,,,,,,,,,,,,,,,,,,,,,,,,,,,,,,,,,,,,Kula,3.2456
213,11-16-KDP-4,Tap Water,11/17/2023 6:54,,-156.31244083245522,20.74738971143178,,,,,,,,7.4412,,,,,,,,,,8.1376,,,,31.956,2.1532,,,,,,,,,,,,,,,,,,,,,,,,,,,,,,,,,,,,,,,,,,,,,,,,,,,,,,,,Kula,2.1532
214,11-16-KDP-5,Tap Water,11/17/2023 7:00,,-156.32076799603217,20.753023621739544,,,,,,,,44.0985,,,,,,,,,,,,,,,17.4029,,,,,,,,,,,,,,,,,,,,,,,,,,,,,,,,,,,,,,,,,,,,,,,,,,,,,,,,Kula,17.4029
215,11-16-KDP-6,Tap Water,11/17/2023 7:12,,-156.32022924643434,20.743312070950857,,,,,,,,6.6599,,,,,,,,,,,,,,,1.8918,,,,,,,,,,,,,,,,,,,,,,,,,,,,,,,,,,,,,,,,,,,,,,,,,,,,,,,,Kula,1.8918
216,11-17-23-JI-04,Tap Water,11/17/2023 10:04,,-156.68214434085587,20.881557119755747,,,,,,,,63.6334,,,,,,,,,,,,,,,17.0808,,,,,,,,,,,7.5778,,,,,,,,,,,4.0408,,,,,,,,,,,,,,,,,,,,,,,,,,,,,,,,,,Lahaina,28.6994
217,11-17-23-JI-03,Tap Water,11/17/2023 10:04,,-156.6845083159801,20.880745951168947,,,,,,,,121.9508,,,,,,,,,,,,,,,15.2015,,,,,,,,,,,10.1336,,,,,,,,,,,8.8761,,,,,,,,6.3945,,,,,,,,,,,,,,,,,,,,,,,,,,Lahaina,40.6057
218,11-17-23-JI-01,Tap Water,11/17/2023 10:06,,-156.6822639343856,20.898554868976596,,,,,,,,146.8591,,,,,,,,,,,,,,,9.0108,,,,,,,,,,,10.0021,,,,,,,,,,,11.8508,,,,,,,,9.3464,,,,,,,,,,,,,,,,,,,,,,,,,,Lahaina,40.2101
219,11-17-23-JI-06,Tap Water,11/17/2023 14:44,,-156.68229645486363,20.90202440897752,,,,,,,,94.0295,,,,,,,,,,,,,,,9.795,,,,,,,,,,,10.5668,,,,,,,,,,,12.4982,,,,,,,,9.9314,,,,,,,,,,,,,,,,,,,,,,,,,,Lahaina,42.7914
220,11-17-23-JI-05,Tap Water,11/17/2023 14:44,,-156.67916105036787,20.899236614606927,,,,,,,,87.3998,,,,,,,,,,,,,,,10.3589,,,,,,,,,,,11.9012,,,,,,,,,,,17.344,,,,,,,,18.2544,,,,,,,,,,,,,,,,,,,,,,,,,,Lahaina,57.8585
221,11-18-23-JI-08,Tap Water,11/18/2023 11:46,,-156.68265177184216,20.881342796885324,,,,,,,,65.0565,,,,,,,,,,,,,,,10.1347,,,,,,,,,,,4.4659,,,,,,,,,,,2.6006,,,,,,,,,,,,,,,,,,,,,,,,,,,,,,,,,,Lahaina,17.2012
222,11-18-23-JI-15,Tap Water,11/18/2023 11:50,,-156.67941818244205,20.899592339614816,,,,,,,,79.2912,,,,,,,,,,,,,,,9.6291,,,,,,,,,,,8.9628,,,,,,,,,,,9.6658,,,,,,,,5.8502,,,,,,,,,,,,,,,,,,,,,,,,,,Lahaina,34.1079
223,11-18-23-JI-12,Tap Water,11/18/2023 11:55,,-156.68170461847075,20.90017978341001,,,,,,,,69.3108,,,,,,,,,,,,,,,10.5367,,,,,,,,,,,9.1363,,,,,,,,,,,8.4203,,,,,,,,7.0818,,,,,,,,,,,,,,,,,,,,,,,,,,Lahaina,35.1751
224,11-18-23-JI-01,Tap Water,11/18/2023 12:01,,-156.66908809070452,20.886745683102944,,,,,,,,9.3763,,,,,,,,,,,,,,,1.9829,,,,,,,,,,,,,,,,,,,,,,,,,,,,,,,,,,,,,,,,,,,,,,,,,,,,,,,,Lahaina,1.9829
225,11-18-23-JI-07,Tap Water,11/18/2023 12:01,,-156.66580835397272,20.883491499283476,,,,,,,,145.5361,,,,,,,,,,,,,,,43.1212,,,,,,,,,,,10.1152,,,,,,,,,,,3.0972,,,,,,,,,,,,,,,,,,,,,,,,,,,,,,,,,,Lahaina,56.333600000000004
226,11-18-23-JI-03,Tap Water,11/18/2023 12:22,,-156.68275270605494,20.896455161594407,,,,,,,,63.9142,,,,,,,,,,,,,,,9.3562,,,,,,,,,,,8.7816,,,,,,,,,,,8.7508,,,,,,,,5.2447,,,,,,,,,,,,,,,,,,,,,,,,,,Lahaina,32.1333
227,11-21-KDP-1,Tap Water,11/21/2023,,,,,,,,,,,83.6296,,,,,,,,,,,,,,,1.2905,,,,,,,,,,,,,,,,,,,,,,,,,,,,,,,,,,,,,,,,,,,,,,,,,,,,,,,,Outside of Boxes,1.2905
228,11-21-KDP-2,Tap Water,11/21/2023,,-156.3234983192179,20.73554514451304,,,,,,,,8.2131,,,,,,,,,,,,,,,1.2389,,,,,,,,,,,,,,,,,,,,,,,,,,,,,,,,,,,,,,,,,,,,,,,,,,,,,,,,Kula,1.2389
229,11-21-KDP-4,Tap Water,11/21/2023,,-156.32900714806,20.737928182505,,,,,,,,48.5145,,,,,,,,,,,,,,,1.3178,,,,,,,,,,,,,,,,,,,,,,,,,,,,,,,,,,,,,,,,,,,,,,,,,,,,,,,,Kula,1.3178
230,11-22-KDP-1,Tap Water,11/22/2023,,-156.3296210811496,20.73855049830805,,,,,,,,66.0209,,,,,,,,,,,,,,,1.6202,,,,,,,,,,,,,,,,,,,,,,,,,,,,,,,,,,,,,,,,,,,,,,,,,,,,,,,,Kula,1.6202
231,11-22-KDP-2,Tap Water,11/22/2023,,-156.32500939756474,20.73759103566852,,,,,,,,26.891,,,,,,,,,,,,,,,1.386,,,,,,,,,,,,,,,,,,,,,,,,,,,,,,,,,,,,,,,,,,,,,,,,,,,,,,,,Kula,1.386
232,11-22-KDP-4,Tap Water,11/22/2023,,-156.30698259169856,20.761738888849077,3.332,,,,,,,48.9594,,1.5851,,,,,,,,3.1595,,,,1.0136,2.9985,,,,,,,,,,,,,,,,,,,,,,,,,,,,,,,,,,,,,,,,,,,,,,,,,,,,,,,,Kula,2.9985
233,12-8-KDP-1,Tap Water,12/8/2023 15:27,,-156.3286686618614,20.74042547467689,,,,,,,,6.4859,,,,,,,,,,1.964,,,,,2.716,,,,,,,,,,,,,,,,,,,,,,,,,,,,,,,,,,,,,,,,,,,,,,,,,,,,,,,,Kula,2.716
234,12-8-KDP-2,Tap Water,12/8/2023 16:09,,-156.32588357821643,20.78893362318014,,,,,,,,5.5471,,,,,,,,,,2.0961,,,,,2.193,,,,,,,,,,,,,,,,,,,,,,,,,,,,,,,,,,,,,,,,,,,,,,,,,,,,,,,,Kula,2.193
235,12-4-KDP-1,Tap Water,12/8/2023 22:22,,-156.31045989699896,20.7790739607522,,,,,,,,4.9246,,,,,,,,,,,,,,,31.0698,,,,,,,,,,,5.1432,,,,,,,,,,,1.4889,,,,,,,,,,,,,,,,,,,,,,,,,,,,,,,,,,Kula,37.7019
236,12-6-KDP-1,Tap Water,12/8/2023 22:24,,-156.31096429191103,20.77837452788903,,,,,,,,1.9807,,,,,,,,,,,,,,,18.8322,,,,,,,,,,,2.663,,,,,,,,,,,,,,,,,,,,,,,,,,,,,,,,,,,,,,,,,,,,,Kula,21.4952
237,12-8-KDP-4,Tap Water,12/8/2023 22:32,,-156.32897258427732,20.786198854727363,,,,,,,,5.8998,,,,,,,,,,2.4563,,,,,2.5564,,,,,,,,,,,,,,,,,,,,,,,,,,,,,,,,,,,,,,,,,,,,,,,,,,,,,,,,Kula,2.5564
238,12-8-KDP-8,Tap Water,12/8/2023 22:39,,-156.32559283856256,20.789496491812848,,,,,,,,7.6464,,,,,,,,,,,,,,,3.0004,,,,,,,,,,,,,,,,,,,,,,,,,,,,,,,,,,,,,,,,,,,,,,,,,,,,,,,,Kula,3.0004
239,12-12-23-JI-02,Tap Water,12/12/2023 9:11,,-156.68325223875763,20.88533858554579,,,,,,,,106.3395,,,,,,,,,,,,,,,6.6138,,,,,,,,,,,5.2137,,,,,,,,,,,3.3696,,,,,,,,,,,,,,,,,,,,,,,,,,,,,,,,,,Lahaina,15.197100000000002
240,12-13-23-JI-02,Tap Water,12/13/2023 13:55,,-156.68430720307165,20.88183385364596,,,,,,,,68.3729,,,,,,,,,,,,,,,11.6138,,,,,,,,,,,8.1751,,,,,,,,,,,5.1171,,,,,,,,1.1941,,,,,,,,,,,,,,,,,,,,,,,,,,Lahaina,26.100099999999998
241,12-13-23-JI-03,Tap Water,12/13/2023 13:57,,-156.67820982173967,20.88222373506741,,,,,,,,91.5264,,,,,,,,,,,,,,,14.5194,,,,,,,,,,,4.6318,,,,,,,,,,,3.5132,,,,,,,,9.6623,,,,,,,,,,,,,,,,,,,,,,,,,,Lahaina,32.3267
242,12-14-23-JI-01,Tap Water,12/14/2023 11:04,,-156.68548528032912,20.95252996880986,,,,,,,,75.4725,,,,,,,,,,,,,,,,,,,,,,,,,,,,,,,,,,,,,1.6961,,,,,,,,16.1471,,,,,,,,,,,,,,,,,,,,,,,,,,Outside of Boxes,17.8432
243,12-14-23-JI-02,Tap Water,12/14/2023 11:07,,-156.66291410416443,20.88418384743024,,,,,,,,74.0075,,,,,,,,,,3.005,,,,,12.7838,,,,,,,,,,,3.5263,,,,,,,,,,,1.37,,,,,,,,,,,,,,,,,,,,,,,,,,,,,,,,,,Lahaina,17.6801
244,12-28-23-JI-02,Tap Water,12/29/2023 15:06,,-156.6841716505321,20.88248266310537,,,,,,,,35.7211,,,,,,,,,,6.8379,,,,5.7213,46.6734,,,,,,,,,,,14.2597,,,,,,,,,,,5.1963,,,,,,,,1.3992,,,,,,,,,,,,,,,,,,,,,,,,,,Lahaina,67.5286
245,12-28-23-JI-07,Tap Water,12/29/2023 15:18,,-156.68264773023094,20.900845846899557,,,,,,,,26.2868,,,,,,,,,,,,,,,31.4676,,,,,,,,,,,12.1955,,,,,,,,,,,5.423,,,,,,,,1.3856,,,,,,,,,,,,,,,,,,,,,,,,,,Lahaina,50.4717
246,01-03-KDP-2,Tap Water,1/3/2024 14:15,,-156.31849750978492,20.77823209225299,,,,,,,,7.273,,,,,,,,,,,,,,,33.3143,,,,,,,,,,,2.9064,,,,,,,,,,,,,,,,,,,,,,,,,,,,,,,,,,,,,,,,,,,,,Kula,36.2207
247,01-04-KDP-1,Tap Water,1/4/2024 16:45,,-156.31005013282427,20.773577611132488,,,,,,,,3.6465,,,,,,,,,,,,,,,53.5779,,,,,,,,,,,4.8475,,,,,,,,,,,1.8328,,,,,,,,,,,,,,,,,,,,,,,,,,,,,,,,,,Kula,60.2582
248,01-04-KDP-3,Tap Water,1/4/2024 23:15,,-156.3049209116547,20.775299284484245,,,,,,,,12.4937,,,,,,,,,,,,,,,2.8865,,,,,,,,,,,,,,,,,,,,,,,,,,,,,,,,,,,,,,,,,,,,,,,,,,,,,,,,Kula,2.8865
249,01-04-KDP-4,Tap Water,1/4/2024 23:16,,-156.30775167291262,20.776010262001776,,,,,,,,10.9364,,,,,,,,,,,,,,,2.1174,,,,,,,,,,,,,,,,,,,,,,,,,,,,,,,,,,,,,,,,,,,,,,,,,,,,,,,,Kula,2.1174
250,01-04-KDP-5,Tap Water,1/4/2024 23:17,,-156.30853348266538,20.77572735315753,,,,,,,,11.9606,,,,,,,,,,,,,,,2.0572,,,,,,,,,,,,,,,,,,,,,,,,,,,,,,,,,,,,,,,,,,,,,,,,,,,,,,,,Kula,2.0572
251,01-04-KDP-6,Tap Water,1/4/2024 23:18,,-156.30726015135176,20.77131575395956,,,,,,,,11.0113,,,,,,,,,,,,,,,1.3474,,,,,,,,,,,,,,,,,,,,,,,,,,,,,,,,,,,,,,,,,,,,,,,,,,,,,,,,Kula,1.3474
252,01-19-KDP-02,Tap Water,1/19/2024,,-156.27836862769703,20.82224655803033,,,,,,,,17.8211,,,,,,,,,,,,,,,2.5941,,,,,,,,,,,,,,,,,,,,,,,,,,,,,,,,,,,,,,,,,,,,,,,,,,,,,,,,Outside of Boxes,2.5941
253,01-19-KDP-03,Tap Water,1/19/2024,,-156.2907318804969,20.83846625160327,,,,,,,,10.7805,,,,,,,,,,,,,,,26.3917,,,,,,,,,,,1.7121,,,,,,,,,,,,,,,,,,,,,,,,,,,,,,,,,,,,,,,,,,,,,Outside of Boxes,28.1038
254,01-19-KDP-05,Tap Water,1/19/2024,,-156.2903370206941,20.835396599657976,,,,,,,,8.0895,,,,,,,,,,,,,,,72.2637,,,,,,,,,,,3.9523,,,,,,,,,,,,,,,,,,,,,,,,,,,,,,,,,,,,,,,,,,,,,Outside of Boxes,76.216
255,01-19-KDP-07,Tap Water,1/19/2024,,-156.29308582977552,20.83673250367925,,,,,,,,11.5702,,,,,,,,,,,,,,,42.3325,,,,,,,,,,,3.395,,,,,,,,,,,,,,,,,,,,,,,,,,,,,,,,,,,,,,,,,,,,,Outside of Boxes,45.727500000000006
256,01.26.KDP.02,Tap Water,1/26/2024,,-156.31033845780146,20.766980043750102,,,,,,,,13.5666,,,,,,,,,,,,,,,2.3864,,,,,,,,,,,,,,,,,,,,,,,,,,,,,,,,,,,,,,,,,,,,,,,,,,,,,,,,Kula,2.3864
257,01.26.KDP.03,Tap Water,1/26/2024,,-156.31467396858102,20.779340469100617,,,,,,,,15.4965,,,,,,,,,,,,,,,32.0745,,,,,,,,,,,2.1875,,,,,,,,,,,,,,,,,,,,,,,,,,,,,,,,,,,,,,,,,,,,,Kula,34.262
258,01.26.KDP.05,Tap Water,1/26/2024,,-156.3282645776,20.76089782165745,,,,,,,,10.3418,,,,,,,,,,,,,,,2.2812,,,,,,,,,,,,,,,,,,,,,,,,,,,,,,,,,,,,,,,,,,,,,,,,,,,,,,,,Kula,2.2812
259,02-02-KDP-01,Tap Water,2/2/2024,,-156.29334233458297,20.821815752008792,,,,,,,,30.7675,,,,,,,,,,11.9443,,,,4.2593,14.1576,,,,,,,,,,,2.1692,,,,,,,,,,,,,,,,,,,,,,,,,,,,,,,,,,,,,,,,,,,,,Outside of Boxes,16.3268
260,02-02-KDP-03,Tap Water,2/2/2024,,-156.3304513019754,20.81891689377471,,,,,,,,29.0611,,,,,,,,,,,,,,,65.6697,,,,,,,,,,,7.2363,,,,,,,,,,,,,,,,,,,,,,,,,,,,,,,,,,,,,,,,,,,,,Outside of Boxes,72.906
261,02-02-KDP-04,Tap Water,2/2/2024,,-156.33421314680743,20.838802283902947,,,,,,,,16.3557,,,,,,,,,,,,,,1.0283,15.7621,,,,,,,,,,,6.368,,,,,,,,,,,4.4943,,,,,,,,1.3927,,,,,,,,,,,,,,,,,,,,,,,,,,Outside of Boxes,28.0171
262,02-01-24-JI-01,Tap Water,2/14/2024 8:53,,-156.6791160852732,20.89930308425422,,,,,,,,222.4879,,,,,,,,,,,,,,4.2433,,,,,,,,,,,,,,,,,,,,,,,,,,,,,,,,,,,,,,,,,,,,,,,,,,,,,,,,,Lahaina,0.0
263,02-13-24-JI-01,Tap Water,2/14/2024 9:06,,-156.69091787715743,20.918213927942404,,,,,,,,42.6607,,,,,,,,,,,,,,,,,,,,,,,,,,,,,,,,,,,,,,,,,,,,,9.8007,,,,,,,,,,,,,,,,,,,,,,,,,,Outside of Boxes,9.8007
264,02-15-24-JI-01,Tap Water,2/15/2024 15:30,,-156.66574200293917,20.99768073614412,,,,,,,,18.5893,,,,,,,,,,,,,,,,,,,,,,,,,,,,,,,,,,,,,,,,,,,,,3.8392,,,,,,,,,,,,,,,,,,,,,,,,,,Outside of Boxes,3.8392
265,02-15-24-JI-02,Tap Water,2/15/2024 15:36,,-156.67957750535948,20.97620297064339,,,,,,,,30.3059,,,,,,,,,,,,,,,,,,,,,,,,,,,,,,,,,,,,,,,,,,,,,3.1567,,,,,,,,,,,,,,,,,,,,,,,,,,Outside of Boxes,3.1567
266,02-15-24-JI-04,Tap Water,2/15/2024 15:42,,-156.68759647199442,20.95555654231661,,,,,,,,135.6055,,,,,,,,,,,,,,1.0728,9.7184,,,,,,,,,,,6.3924,,,,,,,,,,,2.8779,,,,,,,,,,,,,,,,,,,,,,,,,,,,,,,,,,Outside of Boxes,18.9887
267,02-15-24-JI-05,Tap Water,2/15/2024 15:43,,-156.69046706549258,20.938372944831418,,,,,,,,57.6807,,,,,,,,,,,,,,,,,,,,,,,,,,,,,,,,,,,,,,,,,,,,,3.7098,,,,,,,,,,,,,,,,,,,,,,,,,,Outside of Boxes,3.7098
268,02-15-24-JI-07,Tap Water,2/15/2024 16:19,,-156.6743134942823,20.86724095679147,,,,,,,,54.9738,,,,,,,,,,,,,,,12.9917,,,,,,,,,,,8.4324,,,,,,,,,,,4.0616,,,,,,,,,,,,,,,,,,,,,,,,,,,,,,,,,,Lahaina,25.4857
269,02-15-24-JI-08,Tap Water,2/15/2024 16:20,,-156.6827006487515,20.900640533354437,,,,,,,,130.0185,,,,,,,,,,10.9188,,,,21.3129,15.9962,,,,,,,,,,,9.8964,,,,,,,,,,,4.5387,,,,,,,,,,,,,,,,,,,,,,,,,,,,,,,,,,Lahaina,30.4313
270,02-15-24-JI-09,Tap Water,2/15/2024 16:21,,-156.68549595748902,20.904128965132173,,,,,,,,64.0366,,,,,,,,,,,,,,,14.6579,,,,,,,,,,,9.1268,,,,,,,,,,,4.1161,,,,,,,,,,,,,,,,,,,,,,,,,,,,,,,,,,Lahaina,27.900799999999997
271,2-22-CKS-1,Tap Water,2/22/2024 10:43,,-156.48153416537974,20.88819750623849,,,,,,,,20.3834,,,,,,,,,,2.0299,,,,,1.4451,,,,,,,,,,,2.69,,,,,,,,,,,5.0437,,,,,,,,4.6441,,,,,,,,,,,,,,,,,,,,,,,,,,Outside of Boxes,13.8229
272,03-09-KDP-01,Tap Water,3/9/2024 13:50,,-156.33663145734596,20.780631880593116,,,,,,,,6.9276,,,,,,,,,,,,,,,42.8943,,,,,,,,,,,4.3879,,,,,,,,,,,,,,,,,,,,,,,,,,,,,,,,,,,,,,,,,,,,,Kula,47.2822
273,03-11-KDP-01,Tap Water,3/11/2024 9:23,,-156.30999715931205,20.7785168607504,,,,,,,,6.0619,,,,,,,,,,,,,,1.2831,6.1464,,,,,,,,,,,,,,,,,,,,,,,,,,,,,,,,,,,,,,,,,,,,,,,,,,,,,,,,Kula,6.1464
274,03-11-KDP-04,Tap Water,3/11/2024 9:23,,-156.32942927016973,20.793356271010964,,,,,,,,8.9198,,,,,,,,,,,,,,,55.4868,,,,,,,,,,,5.1051,,,,,,,,,,,,,,,,,,,,,,,,,,,,,,,,,,,,,,,,,,,,,Kula,60.5919
275,03-11-24-02-JI,Tap Water,3/11/2024 11:42,,-156.68360354229685,20.88527916799083,,,,,,,,46.5322,,,,,,,,,,,,,,,11.9277,,,,,,,,,,,7.6614,,,,,,,,,,,5.1763,,,,,,,,1.37,,,,,,,,,,,,,,,,,,,,,,,,,,Lahaina,26.135400000000004
276,03-20-CDS-01,Tap Water,3/20/2024 10:50,,-156.68545864650844,20.881965185315213,,,,,,,,31.5283,,,,,,,,,,2.4416,,,,,13.7614,,,,,,,,,,,4.3442,,,,,,,,,,,4.557,,,,,,,,5.1633,,,,,,,,,,,,,,,,,,,,,,,,,,Lahaina,27.8259
277,03-20-CDS-03,Tap Water,3/20/2024 11:13,,-156.68431038000264,20.88134735498824,,,,,,,,22.9662,,,,,,,,,,2.4207,,,,,27.5275,,,,,,,,,,,14.2901,,,,,,,,,,,9.0946,,,,,,,,2.8508,,,,,,,,,,,,,,,,,,,,,,,,,,Lahaina,53.763000000000005
278,03-20-CDS-05,Tap Water,3/20/2024,,-156.68212837193047,20.881004851263857,,,,,,,,28.6002,,,,,,,,,,2.1292,,,,,6.5146,,,,,,,,,,,6.0941,,,,,,,,,,,4.5072,,,,,,,,,,,,,,,,,,,,,,,,,,,,,,,,,,Lahaina,17.1159
279,03-20-CDS-06,Tap Water,3/20/2024,,-156.6829650859298,20.88106474969327,,,,,,,,16.7905,,,,,,,,,,4.4012,,,,,6.0248,,,,,,,,,,,3.8225,,,,,,,,,,,3.0269,,,,,,,,1.3175,,,,,,,,,,,,,,,,,,,,,,,,,,Lahaina,14.1917
280,03-20-CDS-08,Tap Water,3/20/2024,,-156.6855159863035,20.883830442064244,,,,,,,,24.5925,,,,,,,,,,2.0694,,,,,11.5382,,,,,,,,,,,5.978,,,,,,,,,,,5.6977,,,,,,,,2.4946,,,,,,,,,,,,,,,,,,,,,,,,,,Lahaina,25.7085
281,3-20-24-JI-13,Tap Water,3/20/2024 15:03,,-156.6848332158331,20.883644007850776,,,,,,,,14.5428,,,,,,,,,,,,,,,7.4625,,,,,,,,,,,6.8752,,,,,,,,,,,5.2489,,,,,,,,,,,,,,,,,,,,,,,,,,,,,,,,,,Lahaina,19.5866
282,3-20-24-JI-15,Tap Water,3/20/2024 15:01,,-156.68522442196237,20.88118118515277,,,,,,,,13.4308,,,,,,,,,,,,,,,11.38,,,,,,,,,,,9.174,,,,,,,,,,,6.881,,,,,,,,2.0313,,,,,,,,,,,,,,,,,,,,,,,,,,Lahaina,29.466300000000004
283,3-20-24-JI-17,Tap Water,3/20/2024 15:00,,-156.68182474874712,20.884927443961896,,,,,,,,13.5932,,,,,,,,,,,,,,,6.543,,,,,,,,,,,6.3845,,,,,,,,,,,4.8734,,,,,,,,,,,,,,,,,,,,,,,,,,,,,,,,,,Lahaina,17.8009
284,03-29-KDP-01,Tap Water,3/29/2024 13:12,,-156.3501415090691,20.706717701088508,,,,,,,,9.725,,,,,,,,,,,,,,,3.0877,,,,,,,,,,,,,,,,,,,,,,,,,,,,,,,,,,,,,,,,,,,,,,,,,,,,,,,,Kula,3.0877
285,03-29-KDP-03,Tap Water,3/29/2024 13:15,,-156.35053563948986,20.703327695929485,,,,,,,,14.5938,,,,,,,,,,,,,,1.3787,4.3261,,,,,,,,,,,,,,,,,,,,,,,,,,,,,,,,,,,,,,,,,,,,,,,,,,,,,,,,Kula,4.3261
286,03-29-KDP-04,Tap Water,3/29/2024 13:35,,-156.3511649411479,20.70590924796627,,,,,,,,9.1735,,,,,,,,,,,,,,,1.8535,,,,,,,,,,,,,,,,,,,,,,,,,,,,,,,,,,,,,,,,,,,,,,,,,,,,,,,,Kula,1.8535
287,03-29-KDP-06,Tap Water,3/29/2024 14:19,,-156.34075458175374,20.71837860830117,,,,,,,,13.413,,,,,,,,,,,,,,,2.5214,,,,,,,,,,,,,,,,,,,,,,,,,,,,,,,,,,,,,,,,,,,,,,,,,,,,,,,,Kula,2.5214
288,03-29-KDP-08,Tap Water,3/29/2024 14:28,,-156.33492837223446,20.723996519506123,,,,,,,,8.5205,,,,,,,,,,,,,,1.4956,1.7981,,,,,,,,,,,,,,,,,,,,,,,,,,,,,,,,,,,,,,,,,,,,,,,,,,,,,,,,Kula,1.7981
289,03-29-KDP-09,Tap Water,3/29/2024 15:09,,-156.34113700008143,20.727440544569745,,,,,,,,8.5803,,,,,,,,,,,,,,,1.7401,,,,,,,,,,,,,,,,,,,,,,,,,,,,,,,,,,,,,,,,,,,,,,,,,,,,,,,,Kula,1.7401
290,03-29-KDP-11,Tap Water,3/29/2024 15:32,,-156.3508711103851,20.708596825666785,,,,,,,,9.1354,,,,,,,,,,,,,,,1.8547,,,,,,,,,,,,,,,,,,,,,,,,,,,,,,,,,,,,,,,,,,,,,,,,,,,,,,,,Kula,1.8547
291,03-05-KDP-01,Tap Water,4/5/2024 15:36,,-156.30722859009066,20.772107747066805,,,,,,,,11.5514,,,,,,,,,,,,,,,1.7808,,,,,,,,,,,,,,,,,,,,,,,,,,,,,,,,,,,,,,,,,,,,,,,,,,,,,,,,Kula,1.7808
292,03-05-KDP-03,Tap Water,4/5/2024 15:53,,-156.33564950096408,20.78236653971403,,,,,,,,13.901,,,,,,,,,,,,,,,60.4599,,,,,,,,,,,7.0218,,,,,,,,,,,2.651,,,,,,,,,,,,,,,,,,,,,,,,,,,,,,,,,,Kula,70.1327
293,03-05-KDP-08,Tap Water,4/5/2024 17:32,,-156.31225401644696,20.74793476171434,,,,,,,,16.5787,,,,,,,,,,,,,,,1.6754,,,,,,,,,,,,,,,,,,,,,,,,,,,,,,,,,,,,,,,,,,,,,,,,,,,,,,,,Kula,1.6754
294,03-05-KDP-10,Tap Water,4/5/2024 17:32,,-156.31212939061143,20.747975687255256,,,,,,,,7.6502,,,,,,,,,,,,,,,1.7331,,,,,,,,,,,,,,,,,,,,,,,,,,,,,,,,,,,,,,,,,,,,,,,,,,,,,,,,Kula,1.7331
295,03-05-KDP-12,Tap Water,4/5/2024 18:00,,-156.34297815270688,20.722466796179692,,,,,,,,15.5772,,,,,,,,,,,,,,,1.8314,,,,,,,,,,,,,,,,,,,,,,,,,,,,,,,,,,,,,,,,,,,,,,,,,,,,,,,,Kula,1.8314
296,4-11-24-JI-01,Tap Water,4/11/2024 9:36,,-156.67983574378107,20.892053404009985,,,,,,,,31.8144,,,,,,,,,,,,,,,17.9315,,,,,,,,,,,6.5972,,,,,,,,,,,5.6352,,,,,,,,4.7779,,,,,,,,,,,,,,,,,,,,,,,,,,Lahaina,34.9418
297,4-11-24-JI-02,Tap Water,4/11/2024 9:38,,-156.67986566207378,20.89222366808808,,,,,,,,9.4019,,,,,,,,,,,,,,,6.0674,,,,,,,,,,,,,,,,,,,,,,,,,,,,,,,,,,,,,,,,,,,,,,,,,,,,,,,,Lahaina,6.0674
298,4-11-24-JI-03,Tap Water,4/11/2024 9:39,,-156.67968170978637,20.895275629532154,,,,,,,,15.8808,,,,,,,,,,,,,,1.0666,7.6734,,,,,,,,,,,,,,,,,,,,,,,,,,,,,,5.8167,,,,,,,,,,,,,,,,,,,,,,,,,,Lahaina,13.4901
299,4-11-24-JI-04,Tap Water,4/11/2024 9:40,,-156.68021035256194,20.89256192414586,,,,,,,,17.2499,,,,,,,,,,,,,,,7.6913,,,,,,,,,,,,,,,,,,,,,,,,,,,,,,5.1164,,,,,,,,,,,,,,,,,,,,,,,,,,Lahaina,12.8077
300,4-12-24-JI-01,Tap Water,4/12/2024,,,,,,,,,,,9.6233,,,,,,,,,,,,,,,8.8237,,,,,,,,,,,4.4847,,,,,,,,,,,3.3518,,,,,,,,,,,,,,,,,,,,,,,,,,,,,,,,,,Outside of Boxes,16.6602
301,4-12-24-JI-02,Tap Water,4/12/2024,,,,,,,,,,,20.0739,,,,,,,,,,,,,,,16.918,,,,,,,,,,,8.9773,,,,,,,,,,,6.0055,,,,,,,,,,,,,,,,,,,,,,,,,,,,,,,,,,Outside of Boxes,31.900799999999997
302,4-12-KDP-01,Tap Water,4/12/2024 9:22,,-156.31621108597338,20.785335727372228,,,,,,,,21.0758,,,,,,,,,,,,,,,14.2275,,,,,,,,,,,2.7958,,,,,,,,,,,,,,,,,,,,,,,,,,,,,,,,,,,,,,,,,,,,,Kula,17.0233
303,4-12-KDP-03,Tap Water,4/12/2024 9:22,,-156.32361168163345,20.78579306487915,,,,,,,,18.5049,,,,,,,,,,,,,,,17.9389,,,,,,,,,,,3.0213,,,,,,,,,,,,,,,,,,,,,,,,,,,,,,,,,,,,,,,,,,,,,Kula,20.9602
304,4-12-KDP-05,Tap Water,4/12/2024 9:22,,-156.32279994508482,20.80193788551069,,,,,,,,25.3978,,,,,,,,,,,,,,,25.2949,,,,,,,,,,,3.4727,,,,,,,,,,,,,,,,,,,,,,,,,,,,,,,,,,,,,,,,,,,,,Kula,28.767599999999998
305,04-15-KDP-01,Tap Water,4/15/2024 9:22,,-156.30750995853296,20.778220140105116,,,,,,,,8.3873,,,,,,,,,,,,,,,10.3614,,,,,,,,,,,,,,,,,,,,,,,,,,,,,,,,,,,,,,,,,,,,,,,,,,,,,,,,Kula,10.3614
306,04-20-KDP-01,Tap Water,4/20/2024 17:15,,-156.28176044279033,20.815832032760287,,,,,,,,11.5937,,,,,,,,,,,,,,,1.9657,,,,,,,,,,,,,,,,,,,,,,,,,,,,,,,,,,,,,,,,,,,,,,,,,,,,,,,,Outside of Boxes,1.9657
307,04-21-KDP-01,Tap Water,4/21/2024 13:56,,-156.28781359958828,20.81971326358493,,,,,,,,5.6921,,,,,,,,,,,,,,24.5011,2.6135,,,,,,,,,,,,,,,,,,,,,,,,,,,,,,,,,,,,,,,,,,,,,,,,,,,,,,,,Outside of Boxes,2.6135
308,04.26.KDP.01,Tap Water,4/26/2024 16:11,,-156.31626046807446,20.853890080630794,,,,,,,,15.0741,,,,,,,,,,,,,,,25.544,,,,,,,,,,,13.7079,,,,,,,,,,,12.5186,,,,,,,,2.297,,,,,,,,,,,,,,,,,,,,,,,,,,Outside of Boxes,54.067499999999995
309,04.26.KDP.02,Tap Water,4/26/2024 16:30,,-156.30527624292435,20.86688879623461,,,,,,,,45.3413,,,,,,,,,,,,,,,2.5061,,,,,,,,,,,,,,,,,,,,,,,,,,,,,,,,,,,,,,,,,,,,,,,,,,,,,,,,Outside of Boxes,2.5061
310,04.26.KDP.03,Tap Water,4/26/2024 16:53,,-156.29631069397206,20.825140944842627,,,,,,,,53.738,,,,,,,,,,,,,,,22.0298,,,,,,,,,,,2.3773,,,,,,,,,,,,,,,,,,,,,,,,,,,,,,,,,,,,,,,,,,,,,Outside of Boxes,24.4071
311,04.26.KDP.05,Tap Water,4/26/2024 18:03,,-156.30675744146413,20.771088152119894,,,,,,,,24.9487,,,,,,,,,,,,,,,1.6867,,,,,,,,,,,,,,,,,,,,,,,,,,,,,,,,,,,,,,,,,,,,,,,,,,,,,,,,Kula,1.6867
312,05-04-KDP-02,Tap Water,5/4/2024 16:32,,-156.30840806144508,20.77329324331409,,,,,,,,3.2945,,,,,,,,,,,,,,,34.1361,,,,,,,,,,,4.2459,,,,,,,,,,,1.0218,,,,,,,,,,,,,,,,,,,,,,,,,,,,,,,,,,Kula,39.4038
313,05-04-KDP-03,Tap Water,5/4/2024 17:12,,-156.34237870529577,20.76490240054533,,,,,,,,3.7539,,,,,,,,,,,,,,,35.0563,,,,,,,,,,,3.9487,,,,,,,,,,,1.1487,,,,,,,,,,,,,,,,,,,,,,,,,,,,,,,,,,Kula,40.1537
314,05-04-KDP-05,Tap Water,5/4/2024 18:01,,-156.3122415215632,20.78076172682864,,,,,,,,11.7293,,,,,,,,,,,,,,,52.3095,,,,,,,,,,,5.3247,,,,,,,,,,,1.1271,,,,,,,,,,,,,,,,,,,,,,,,,,,,,,,,,,Kula,58.7613
315,05-06-KDP-01,Tap Water,5/5/2024 9:42,,-156.307339219102,20.775077693263817,,,,,,,,,,,,,,,,,,,,,,1.8314,14.7754,,,,,,,,,,,,,,,,,,,,,,,,,,,,,,,,,,,,,,,,,,,,,,,,,,,,,,,,Kula,14.7754
316,06-07-KDP-01,Tap Water,6/7/2024 11:00,,-156.34560042117585,20.725520839163845,,,,,,,,20.4755,,,,,,,,,,,,,,,48.7448,,,,,,,,,,,3.9582,,,,,,,,,,,,,,,,,,,,,,,,,,,,,,,,,,,,,,,,,,,,,Kula,52.702999999999996
317,06-07-KDP-02,Tap Water,6/7/2024 11:47,,-156.32592612611808,20.748518199399456,,,,,,,,24.5381,,,,,,,,,,,,,,,2.9747,,,,,,,,,,,,,,,,,,,,,,,,,,,,,,,,,,,,,,,,,,,,,,,,,,,,,,,,Kula,2.9747
318,06-07-KDP-03,Tap Water,6/7/2024 12:00,,-156.32330796721712,20.74724786106882,,,,,,,,13.4075,,,,,,,,,,,,,,,2.276,,,,,,,,,,,,,,,,,,,,,,,,,,,,,,,,,,,,,,,,,,,,,,,,,,,,,,,,Kula,2.276
319,06-07-KDP-04,Tap Water,6/7/2024 12:20,,-156.3155864929405,20.76240237440363,,,,,,,,22.6478,,,,,,,,,,,,,,,2.7197,,,,,,,,,,,,,,,,,,,,,,,,,,,,,,,,,,,,,,,,,,,,,,,,,,,,,,,,Kula,2.7197
320,06-07-KDP-05,Tap Water,6/7/2024 12:33,,-156.30065184110194,20.766442681004765,,,,,,,,20.6085,,,,,,,,,,,,,,,2.0168,,,,,,,,,,,,,,,,,,,,,,,,,,,,,,,,,,,,,,,,,,,,,,,,,,,,,,,,Kula,2.0168
321,06-10-KDP-01,Tap Water,6/10/2024 8:53,,-156.3103199717963,20.77585561811588,,,,,,,,14.0606,,,,,,,,,,,,,,,18.8995,,,,,,,,,,,,,,,,,,,,,,,,,,,,,,,,,,,,,,,,,,,,,,,,,,,,,,,,Kula,18.8995
322,6-11-24-01-JI,Tap Water,6/11/2024 8:23,,-156.68488817749198,20.88364848570736,,,,,,,,100.1198,,,,,,,,,,,,,,,13.4866,,,,,,,,,,,6.4349,,,,,,,,,,,3.0085,,,,,,,,,,,,,,,,,,,,,,,,,,,,,,,,,,Lahaina,22.93
323,06-14-KDP-01,Tap Water,6/14/2024 12:01,,-156.40126802315288,20.641675918575466,,,,,,,,11.1614,,,,,,,,,,,,,,,1.8798,,,,,,,,,,,,,,,,,,,,,,,,,,,,,,,,,,,,,,,,,,,,,,,,,,,,,,,,Outside of Boxes,1.8798
324,06-14-KDP-03,Tap Water,6/14/2024 12:54,,-156.3544124584844,20.73055832123595,,,,,,,,3.5006,,,,,,,,,,,,,,,48.3396,,,,,,,,,,,2.4856,,,,,,,,,,,,,,,,,,,,,,,,,,,,,,,,,,,,,,,,,,,,,Kula,50.825199999999995
325,06-14-KDP-04,Tap Water,6/14/2024 13:00,,-156.339866850039,20.726121542114857,,,,,,,,11.8777,,,,,,,,,,,,,,,2.7286,,,,,,,,,,,,,,,,,,,,,,,,,,,,,,,,,,,,,,,,,,,,,,,,,,,,,,,,Kula,2.7286
326,06-14-KDP-05,Tap Water,6/14/2024 13:08,,-156.34264196245653,20.725010882703977,,,,,,,,8.191,,,,,,,,,,,,,,,1.1594,,,,,,,,,,,,,,,,,,,,,,,,,,,,,,,,,,,,,,,,,,,,,,,,,,,,,,,,Kula,1.1594
327,06-14-KDP-06,Tap Water,6/14/2024 13:08,,-156.34134827181728,20.724489027890872,,,,,,,,8.5964,,,,,,,,,,,,,,,2.145,,,,,,,,,,,,,,,,,,,,,,,,,,,,,,,,,,,,,,,,,,,,,,,,,,,,,,,,Kula,2.145
328,06-14-KDP-09,Tap Water,6/14/2024 13:08,,-156.30629623124028,20.761405045254644,,,,,,,,12.9059,,,,,,,,,,,,,,,2.564,,,,,,,,,,,,,,,,,,,,,,,,,,,,,,,,,,,,,,,,,,,,,,,,,,,,,,,,Kula,2.564
329,06-14-KDP-11,Tap Water,6/14/2024 13:08,,-156.30961147683743,20.769176134278336,,,,,,,,11.9689,,,,,,,,,,,,,,,2.1645,,,,,,,,,,,,,,,,,,,,,,,,,,,,,,,,,,,,,,,,,,,,,,,,,,,,,,,,Kula,2.1645
330,06-14-KDP-13,Tap Water,6/14/2024 13:08,,-156.30653735666667,20.76625314202332,,,,,,,,19.3962,,,,,,,,,,,,,,,2.8426,,,,,,,,,,,,,,,,,,,,,,,,,,,,,,,,,,,,,,,,,,,,,,,,,,,,,,,,Kula,2.8426
331,06-14-KDP-14,Tap Water,6/14/2024 13:08,,-156.30930040679223,20.769027459912635,,,,,,,,13.1882,,,,,,,,,,,,,,,2.2873,,,,,,,,,,,,,,,,,,,,,,,,,,,,,,,,,,,,,,,,,,,,,,,,,,,,,,,,Kula,2.2873
332,06-14-KDP-16,Tap Water,6/14/2024 13:08,,-156.30179664832232,20.766655587540843,,,,,,,,16.6224,,,,,,,,,,,,,,,2.2637,,,,,,,,,,,,,,,,,,,,,,,,,,,,,,,,,,,,,,,,,,,,,,,,,,,,,,,,Kula,2.2637
333,06-14-KDP-17,Tap Water,6/14/2024 13:08,,-156.30250925342477,20.76789611450908,,,,,,,,21.1199,,,,,,,,,,,,,,,2.0166,,,,,,,,,,,,,,,,,,,,,,,,,,,,,,,,,,,,,,,,,,,,,,,,,,,,,,,,Kula,2.0166
334,06-14-KDP-19,Tap Water,6/17/2024 10:59,,-156.3087046616578,20.773261184716063,,,,,,,,13.8034,,,,,,,,,,,,,,,49.4922,,,,,,,,,,,4.763,,,,,,,,,,,,,,,,,,,,,,,,,,,,,,,,,,,,,,,,,,,,,Kula,54.255199999999995
335,07-19-KDP-01,Tap Water,7/19/2024 11:56,,-156.3112958757514,20.77682025685596,,,,,,,,5.8735,,,,,,,,,,,,,,,20.2476,,,,,,,,,,,5.7233,,,,,,,,,,,2.4753,,,,,,,,,,,,,,,,,,,,,,,,,,,,,,,,,,Kula,28.446199999999997
336,07-19-KDP-02,Tap Water,7/19/2024 12:20,,-156.31078484697258,20.77998216946065,,,,,,,,6.2604,,,,,,,,,,,,,,,14.1158,,,,,,,,,,,5.0157,,,,,,,,,,,2.3855,,,,,,,,,,,,,,,,,,,,,,,,,,,,,,,,,,Kula,21.517
337,07-19-KDP-03,Tap Water,7/19/2024 12:30,,-156.32217409294643,20.78071097738989,,,,,,,,5.7392,,,,,,,,,,,,,,,12.9113,,,,,,,,,,,4.7918,,,,,,,,,,,2.557,,,,,,,,,,,,,,,,,,,,,,,,,,,,,,,,,,Kula,20.2601
338,07-19-KDP-05,Tap Water,7/19/2024 13:49,,-156.30743009633306,20.758540273626885,,,,,,,,11.1476,,,,,,,,,,,,,,,40.5608,,,,,,,,,,,1.098,,,,,,,,,,,,,,,,,,,,,,,,,,,,,,,,,,,,,,,,,,,,,Kula,41.6588
339,7-25-24-JI-01,Tap Water,7/29/2024 7:15,,-156.67216102481115,20.866665149576978,,,,,,,,73.1916,,,,,,,,,,,,,,,10.6291,,,,,,,,,,,4.803,,,,,,,,,,,2.3559,,,,,,,,,,,,,,,,,,,,,,,,,,,,,,,,,,Lahaina,17.788
340,7-25-24-JI-02,Tap Water,7/29/2024 7:16,,-156.67241751569824,20.86699384922169,,,,,,,,65.6113,,,,,,,,,,,,,,,10.2903,,,,,,,,,,,4.5787,,,,,,,,,,,2.3548,,,,,,,,,,,,,,,,,,,,,,,,,,,,,,,,,,Lahaina,17.2238
341,08-02-KDP-01,Tap Water,8/2/2024 14:59,,-156.34174840439294,20.86871067651184,,,,,,,,,,,,,,,,,,,,,,,15.8739,,,,,,,,,,,5.6507,,,,,,,,,,,3.1992,,,,,,,,,,,,,,,,,,,,,,,,,,,,,,,,,,Outside of Boxes,24.7238
342,08-02-KDP-02,Tap Water,8/2/2024 15:02,,-156.45620949362691,20.78095518663183,,,,,,,,4.0362,,,,,,,,,,,,,,,3.5306,,,,,,,,,,,2.9499,,,,,,,,,,,3.831,,,,,,,,3.8185,,,,,,,,,,,,,,,,,,,,,,,,,,Outside of Boxes,14.129999999999999
343,08-01-KDP-04,Tap Water,8/2/2024,,-156.4309926285095,20.69878788193014,,,,,,,,4.9691,,,,,,,,,,,,,,,,,,,,,,,,,,,,,,,,,,,,,1.6519,,,,,,,,4.1905,,,,,,,,,,,,,,,,,,,,,,,,,,Outside of Boxes,5.8424
344,08-02-KDP-05,Tap Water,8/2/2024,,-156.35192085712595,20.709045192437586,,,,,,,,5.0766,,,,,,,,,,3.0421,,,,36.0022,53.4454,,,,,,,,,,,5.7459,,,,,,,,,,,1.3731,,,,,,,,,,,,,,,,,,,,,,,,,,,,,,,,,,Kula,60.5644
345,8-29-24-Cks-5,Tap Water,8/29/2024 11:28,,-156.6809985785988,20.890668826906197,,,,,,,,15.6987,,,,,,,,,,8.5616,,,,,53.6177,,,,,,,,,,,15.4048,,,,,,,,,,,7.9785,,,,,,,,3.009,,,,,,,,,,,,,,,,,,,,,,,,,,Lahaina,80.00999999999999
346,8-29-24-Cks-6,Tap Water,8/29/2024 10:35,,-156.6842016889777,20.8927508320388,,,,,,,,18.7132,,,,,,,,,,7.5045,,,,,41.6135,,,,,,,,,,,15.9946,,,,,,,,,,,13.9427,,,,,,,,11.7454,,,,,,,,,,,,,,,,,,,,,,,,,,Lahaina,83.2962
347,8-29-24-CKS-7,Tap Water,8/29/2024 11:28,,-156.68217619999527,20.898199813088578,,,,,,,,17.658,,,,,,,,,,8.5115,,,,,40.6194,,,,,,,,,,,16.7038,,,,,,,,,,,15.6523,,,,,,,,11.6717,,,,,,,,,,,,,,,,,,,,,,,,,,Lahaina,84.6472
348,08-30-24-KDP-01,Tap Water,8/30/2024,,-156.3103850199646,20.77840053819631,,,,,,,,4.9809,,,,,,,,,,,,,,,32.3938,,,,,,,,,,,1.162,,,,,,,,,,,,,,,,,,,,,,,,,,,,,,,,,,,,,,,,,,,,,Kula,33.5558
349,08-30-24-KDP-04,Tap Water,8/30/2024,,-156.3066657116435,20.77529362503269,,,,,,,,5.9697,,,,,,,,,,,,,,,37.7463,,,,,,,,,,,4.7861,,,,,,,,,,,1.1408,,,,,,,,,,,,,,,,,,,,,,,,,,,,,,,,,,Kula,43.673199999999994
350,08-30-24-KDP-05,Tap Water,8/30/2024,,-156.32447569495935,20.808078519434005,,,,,,,,8.1683,,,,,,,,,,,,,,,28.6105,,,,,,,,,,,3.3359,,,,,,,,,,,,,,,,,,,,,,,,,,,,,,,,,,,,,,,,,,,,,Kula,31.946399999999997
351,08-30-24-KDP-06,Tap Water,8/30/2024,,-156.34552702535572,20.83715817591106,,,,,,,,28.9901,,,,,,,,,,18.3294,,,,41.3467,31.6149,,,,,,,,,,,10.2633,,,,,,,,,,,4.8933,,,,,,,,,,,,,,,,,,,,,,,,,,,,,,,,,,Outside of Boxes,46.771499999999996
352,08-30-24-KDP-07,Tap Water,8/30/2024,,-156.34501458526037,20.837687511434424,,,,,,,,6.5621,,,,,,,,,,3.0582,,,,1.9377,46.783,,,,,,,,,,,10.8712,,,,,,,,,,,4.3649,,,,,,,,,,,,,,,,,,,,,,,,,,,,,,,,,,Outside of Boxes,62.0191
353,08-30-24-KDP-08,Tap Water,8/30/2024,,-156.2938238813561,20.90446871316889,,,,,,,,5.1803,,,,,,,,,,3.1068,,,,,1.0743,,,,,,,,,,,,,,,,,,,,,,,,,,,,,,,,,,,,,,,,,,,,,,,,,,,,,,,,Outside of Boxes,1.0743
354,08-30-24-KDP-10,Tap Water,8/30/2024,,-156.26042429154555,20.931622618404077,,,,,,,,,,,,,,,,,,,,,,,,,,,,,,,,,,,,,,,,,,,,,,,,,,,,,,,,,,,,,,,,,,,,,,,,,,,,,,,Outside of Boxes,0.0
355,08-30-24-KDP-11,Tap Water,8/30/2024,,-156.31564192817623,20.93398926466517,,,,,,,,4.3954,,,,,,,,,,,,,,,,,,,,,,,,,,,,,,,,,,,,,1.1392,,,,,,,,4.2734,,,,,,,,,,,,,,,,,,,,,,,,,,Outside of Boxes,5.412599999999999
356,08-30-24-KDP-13,Tap Water,8/30/2024,,-156.31072820029868,20.876799554917607,,,,,,,,5.8701,,,,,,,,,,,,,,,20.0078,,,,,,,,,,,8.3144,,,,,,,,,,,4.2054,,,,,,,,,,,,,,,,,,,,,,,,,,,,,,,,,,Outside of Boxes,32.5276
357,10-04-24-KDP-01,Tap Water,10/4/2024 14:43,,-156.30105797483725,20.873825655418543,,,,,,,,10.1116,,,,,,,,,,,,,,1.2286,6.5081,,,,,,,,,,,6.9409,,,,,,,,,,,6.2522,,,,,,,,1.5555,,,,,,,,,,,,,,,,,,,,,,,,,,Outside of Boxes,21.2567
358,10-04-24-KDP-02,Tap Water,10/4/2024 14:46,,-156.3143113244704,20.877163214153477,,,,,,,,11.1619,,,,,,,,,,,,,,,11.7442,,,,,,,,,,,12.4645,,,,,,,,,,,10.5811,,,,,,,,2.6771,,,,,,,,,,,,,,,,,,,,,,,,,,Outside of Boxes,37.466899999999995
359,10-04-24-KDP-04,Tap Water,10/4/2024 14:52,,-156.32188114350166,20.91897892653254,,,,,,,,4.4188,,,,,,,,,,,,,,,,,,,,,,,,,,,,,,,,,,,,,1.0391,,,,,,,,3.9714,,,,,,,,,,,,,,,,,,,,,,,,,,Outside of Boxes,5.0105
360,10-04-24-KDP-06,Tap Water,10/4/2024 15:10,,-156.2141228941922,20.89567703470378,,,,,,,,3.8371,,,,,,,,,,,,,,,,,,,,,,,,,,,,,,,,,,,,,,,,,,,,,,,,,,,,,,,,,,,,,,,,,,,,,,,Outside of Boxes,0.0
361,10-04-24-KDP-07,Tap Water,10/4/2024 15:13,,-156.37999699971746,20.91593695480676,,,,,,,,3.2564,,,,,,,,,,,,,,,,,,,,,,,,,,,,,,,,,,,,,1.851,,,,,,,,2.3946,,,,,,,,,,,,,,,,,,,,,,,,,,Outside of Boxes,4.2456
362,10-04-24-KDP-09,Tap Water,10/4/2024 15:21,,-156.4968962929971,20.92369269039718,,,,,,,,3.3251,,,,,,,,,,,,,,,,,,,,,,,,,,,,,,,,,,,,,,,,,,,,,1.4973,,,,,,,,,,,,,,,,,,,,,,,,,,Outside of Boxes,1.4973
